	0
0	단어
1	상기
2	발명
3	형성
4	정보
5	구성
6	단계
7	방법
8	제어
9	또한
10	로부터
11	나타
12	이용
13	연결
14	위치
15	바람직
16	합물
17	사이
18	스템
19	각각
20	시스템
21	설치
22	고정
23	정보
24	상태
25	통해
26	영역
27	발생
28	이루
29	시간
30	폴리
31	거나
32	전송
33	단말
34	수행
35	표면
36	통신
37	가지
38	범위
39	전자
40	결정
41	중량
42	설정
43	금속
44	회로
45	반도체
46	라이
47	대응
48	메모리
49	유지
50	영상
51	범위
52	블록
53	형상
54	비스
55	서버
56	다양
57	단말기
58	게이트
59	방법
60	고안
61	첨가
62	작동
63	세포
64	조절
65	수용
66	메틸
67	서로
68	지스터
69	상세
70	전달
71	디바이스
72	기준
73	수단
74	차량
75	변환
76	트리
77	치환
78	실리
79	공간
80	확인
81	냉각
82	예컨
83	대하
84	용액
85	프트
86	스트
87	가열
88	구체
89	이블
90	아미노
91	변화
92	트랜지스터
93	디오
94	변형
95	작업
96	향상
97	연장
98	조립
99	탄소
100	주파수
101	입자
102	압축
103	유리
104	비트
105	기초
106	마이
107	페닐
108	코팅
109	톡시
110	시트
111	서브
112	실행
113	더욱
114	조건
115	성형
116	용이
117	실리콘
118	체결
119	마이크
120	이지
121	조합
122	번호
123	플리
124	프링
125	통과
126	청구
127	노드
128	원자
129	현재
130	유사
131	치료
132	적층
133	거리
134	억제
135	광고
136	단면도
137	상술
138	샘플
139	모두
140	에너지
141	디지털
142	아크릴
143	메라
144	평면
145	안테나
146	음성
147	케이스
148	투여
149	연속
150	헤드
151	노출
152	요소
153	프로세서
154	분산
155	카메라
156	알킬
157	명령
158	첨부
159	전극
160	상이
161	단백질
162	응답
163	미터
164	인식
165	여과
166	항체
167	달성
168	여부
169	회로
170	전술
171	가압
172	유동
173	자기
174	먼트
175	조사
176	부분
177	용해
178	박막
179	전지
180	소자
181	상면
182	아이
183	분야
184	제어
185	개선
186	구성요소
187	우수
188	인트
189	환경
190	충분
191	중량부
192	검사
193	접합
194	부품
195	청구항
196	주변
197	방송
198	와이어
199	판독
200	상승
201	증착
202	배기
203	세척
204	매우
205	부틸
206	시킴
207	코어
208	이해
209	벡터
210	상품
211	헤테
212	관계
213	입자
214	액세스
215	아미드
216	펄스
217	할로
218	부위
219	히드
220	외주
221	드레
222	움직
223	세트
224	트륨
225	산소
226	미세
227	펌프
228	발현
229	공중
230	위상
231	교환
232	유효
233	아릴
234	벡터
235	시작
236	아민
237	헤테
238	교환
239	알루미늄
240	중합
241	컨트
242	프로필
243	파라미터
244	힌지
245	실험
246	대역
247	조물
248	증발
249	워드
250	화물
251	로드
252	촬영
253	라이언트
254	지연
255	오디오
256	애플리케이션
257	지스트
258	주기
259	클라이언트
260	비스
261	아미노산
262	에틸렌
263	파장
264	메톡시
265	힌지
266	업자
267	최종
268	폭시
269	니트
270	스크린
271	케이블
272	표시
273	어드레스
274	전지
275	반대
276	픽셀
277	성능
278	디어
279	단계
280	카르
281	실시
282	코드
283	공급
284	스텝
285	생략
286	안전
287	하드
288	이외
289	형광
290	수집
291	가상
292	연마
293	기어
294	제어기
295	돌기
296	공개
297	기존
298	램프
299	코더
300	회전축
301	레오
302	연소
303	일단
304	에칭
305	지정
306	대략
307	피스톤
308	물리
309	표준
310	우선
311	버튼
312	샤프트
313	피리
314	그네
315	교환
316	복수
317	원통
318	안착
319	단말기
320	냉매
321	이전
322	실내
323	중합체
324	버터
325	량체
326	플로
327	계속
328	부여
329	조직
330	돌기
331	계수
332	분배
333	순차
334	평행
335	유도체
336	변조
337	하측
338	형상
339	이동통신
340	언급
341	최적
342	영상
343	임계
344	실리카
345	라켓
346	무기
347	비닐
348	가동
349	자원
350	통합
351	시료
352	보상
353	컬러
354	에폭시
355	세라
356	블록
357	수정
358	제시
359	탄소수
360	간섭
361	시점
362	레일
363	계면
364	구리
365	그것
366	객체
367	간단
368	기구
369	수분
370	노광
371	처리부
372	펙트
373	컨트롤러
374	그래프
375	음극
376	피페
377	글리
378	포스
379	고유
380	선택
381	소비
382	거의
383	받침
384	어플리케이션
385	출력
386	불순
387	에이터
388	측벽
389	연통
390	폐쇄
391	메인
392	넌트
393	중요
394	발신
395	중공
396	치환
397	공유
398	불순물
399	유용
400	지부
401	마찰
402	스페
403	염기
404	프로토콜
405	멘트
406	시트
407	상응
408	보안
409	함수
410	오스
411	세트
412	팽창
413	둘레
414	플랜
415	모드
416	해석
417	근접
418	품질
419	배수
420	활용
421	스티
422	주위
423	수료
424	에러
425	자리
426	감광
427	연동
428	폴리에틸렌
429	플라스틱
430	유전체
431	옥시
432	스캔
433	동물
434	리스트
435	만족
436	연구
437	생체
438	발열
439	세그먼트
440	입사
441	스펙트럼
442	경계
443	전도성
444	기능
445	이탈
446	시퀀
447	사진
448	결제
449	핸드
450	크로마토
451	아릴
452	구체예
453	밀폐
454	지지
455	문헌
456	피롤
457	본체
458	브로
459	가입자
460	스페이
461	무수
462	포닐
463	고속
464	에테르
465	비치환
466	방열
467	탄화수소
468	지속
469	칼리
470	평면도
471	약물
472	옥소
473	센싱
474	금속
475	비닐
476	루프
477	학습
478	제어신호
479	크로마토그래피
480	분해
481	제제
482	박스
483	고압
484	가교
485	레탄
486	지역
487	피복
488	단지
489	메탄올
490	시공
491	전후
492	거치
493	알칼리
494	수성
495	체크
496	대안
497	예방
498	응용
499	냉장
500	교체
501	일본
502	포트
503	전형
504	발포
505	길이방향
506	블레이드
507	이싱
508	증기
509	전동
510	지체
511	탑재
512	브라켓
513	스테
514	재료
515	제안
516	핸들
517	방식
518	반경
519	뉴클레오티드
520	분자량
521	배면
522	자세
523	스피커
524	표적
525	젝트
526	워드
527	수성
528	문서
529	여야
530	프라이
531	세싱
532	능력
533	컬럼
534	라우
535	병렬
536	상관
537	시아
538	항목
539	부틸
540	치환기
541	구역
542	입력부
543	황산
544	개재
545	인하
546	매칭
547	트리
548	블럭
549	페이트
550	스트립
551	인덱
552	운전자
553	액정표시
554	에탄올
555	소형
556	헥실
557	플레이
558	노드
559	백색
560	필름
561	하향
562	폴리에스테르
563	앞서
564	라우
565	아세트산
566	리스
567	클러치
568	트랙
569	침전
570	케이스
571	인버터
572	스크류
573	곡선
574	저장
575	증대
576	고형
577	직렬
578	대표
579	원통
580	하중
581	인장
582	수용체
583	하드웨어
584	감시
585	한쪽
586	설비
587	음향
588	라디칼
589	그래핀
590	첨가제
591	케닐
592	덕트
593	적당
594	알고리즘
595	정밀
596	용량
597	증류
598	박스
599	글리콜
600	권취
601	조리
602	몰드
603	원자
604	신속
605	글리콜
606	생성부
607	거래
608	상향
609	카트리지
610	나트륨
611	의존
612	티오
613	카드
614	전해질
615	포맷
616	예비
617	테이
618	취득
619	헤드
620	캐비
621	채널
622	위기
623	서리
624	식품
625	수동
626	사이드
627	감지
628	디스플레이부
629	압착
630	유발
631	결합부
632	입체
633	관리
634	세로
635	디로
636	의도
637	저항
638	생물
639	화제
640	종양
641	인덱스
642	도핑
643	산화
644	니트릴
645	랭크
646	대부분
647	실리
648	브로모
649	매개
650	너트
651	치수
652	리소
653	신장
654	로딩
655	토크
656	타이어
657	일반
658	양단
659	지그
660	구동
661	레지스트
662	스핀
663	턴스
664	착용
665	갱신
666	검출기
667	모서리
668	보이
669	편리
670	이미드
671	단점
672	결제선택정보
673	자성
674	단독
675	아가
676	실현
677	후보
678	배합
679	미디어
680	선박
681	약학
682	위험
683	니켈
684	청소
685	근거
686	양쪽
687	대로
688	소음
689	프라이머
690	가락
691	직류
692	슬러리
693	지나
694	헤더
695	격벽
696	운동
697	실장
698	포토레지스트
699	작성
700	베이어
701	주파
702	변동
703	데이트
704	변위
705	멀티미디어
706	출원
707	바이
708	프로필렌
709	프레
710	절삭
711	헥산
712	이점
713	중앙부
714	편의
715	복잡
716	반전
717	도체
718	발견
719	시아트
720	작용
721	불소
722	구체
723	분위기
724	이드
725	만약
726	하단부
727	수송
728	카르복
729	내면
730	원활
731	활성제
732	미생물
733	카르보닐
734	청구
735	냉각수
736	끝단
737	뚜껑
738	절감
739	스위치
740	펩티드
741	엘리먼트
742	플루오
743	발광
744	속성
745	행해
746	오브젝트
747	대로
748	계좌
749	검증
750	탄소
751	미러
752	회로판
753	형성
754	바인
755	케이싱
756	피리미딘
757	격자
758	기관
759	입력
760	오프셋
761	배출구
762	기간
763	파지
764	레이어
765	일면
766	가중
767	스캐
768	텐트
769	문헌
770	통신망
771	주차
772	안료
773	작업
774	스택
775	텍스트
776	규정
777	렌치
778	페이스
779	헤테로아릴
780	체인
781	프로필렌
782	평판
783	직교
784	가소
785	타임
786	현저
787	횟수
788	계면활성제
789	바로
790	고장
791	파이프
792	래스
793	장소
794	로터
795	제약
796	날개
797	명백
798	윤활
799	폴리펩티드
800	신경
801	필터링
802	바이오
803	보드
804	동작
805	대역
806	접점
807	슬리브
808	스토퍼
809	판별
810	복합체
811	급정보
812	두리
813	메탄
814	라진
815	터닝
816	채용
817	요철
818	시그널
819	바이어
820	원심
821	카운터
822	무게
823	패터닝
824	나사
825	정공
826	에피
827	인체
828	스퍼
829	마주
830	칼럼
831	노이드
832	종이
833	소결
834	플로우
835	볼트
836	로직
837	카본
838	발진
839	변수
840	담체
841	클램프
842	컴퓨팅
843	포스
844	숫자
845	레버
846	마지막
847	그래픽
848	오류
849	거래
850	압전
851	용액
852	불포
853	뱅킹
854	알케닐
855	산기
856	변환기
857	가시
858	특허청구
859	복귀
860	상단부
861	경과
862	슬릿
863	이온
864	광판
865	에이블
866	단축
867	명확
868	교류
869	블랙
870	유니트
871	후속
872	실린더
873	약간
874	피치
875	소켓
876	억제제
877	냉동
878	명령어
879	펩타이드
880	옥사
881	립자
882	전용
883	패스
884	신부
885	온라인
886	송출
887	피졸
888	소성
889	샘플링
890	액티브
891	세기
892	혈액
893	입출력
894	염색
895	사항
896	소드
897	점도
898	송신기
899	스케일
900	일시
901	레이트
902	측정
903	신체
904	플루오
905	파손
906	저온
907	폐기
908	던스
909	천공
910	화성
911	급부
912	노이즈
913	착색
914	세션
915	감염
916	컨베이어
917	형광체
918	실리콘
919	역시
920	회절
921	냉장고
922	저해
923	합성수지
924	견고
925	아세틸
926	스타
927	로컬
928	마그네슘
929	휘발
930	항상
931	발신
932	화살
933	페놀
934	이웃
935	헥사
936	정화
937	간격
938	아르
939	프로파일
940	사각
941	스테이션
942	구성
943	전단
944	마이드
945	대칭
946	탐색
947	캐패시터
948	광섬유
949	피던스
950	신자
951	트래픽
952	피페리딘
953	복사
954	보존
955	아이템
956	지방족
957	머리
958	응력
959	시청
960	액정표시장치
961	통지
962	염료
963	록산
964	손가락
965	응집
966	성형
967	폴리우
968	형질
969	유선
970	나프
971	초래
972	정류
973	파악
974	직물
975	중간체
976	몸체부
977	상판
978	실란
979	표지
980	하이브리드
981	본딩
982	트라이
983	제동
984	레벨
985	폰산
986	전선
987	적응
988	티타늄
989	경보
990	본문
991	로우
992	실링
993	필수
994	교정
995	에이트
996	애노드
997	마크
998	사각
999	폴리우레탄
1000	시알킬
1001	프린트
1002	불포화
1003	임계값
1004	대상물
1005	예상
1006	전자
1007	성질
1008	불활
1009	관리자
1010	질화물
1011	순수
1012	등록
1013	교통
1014	제어장치
1015	칼슘
1016	부품
1017	위성
1018	라이드
1019	신축
1020	유의
1021	스토리
1022	선행
1023	규소
1024	경도
1025	메탄
1026	모터
1027	상온
1028	칼라
1029	토너
1030	침투
1031	편차
1032	부분
1033	정합
1034	커스
1035	개체
1036	비정질
1037	돌연변
1038	당량
1039	스퍼터링
1040	전환
1041	강성
1042	요지
1043	게이트
1044	리간드
1045	통로
1046	우레
1047	함침
1048	펌핑
1049	블루투스
1050	도어
1051	레이브
1052	이메일
1053	민국
1054	에이전트
1055	폐기물
1056	신호선
1057	응축기
1058	오존
1059	도관
1060	권리
1061	사슬
1062	비트라인
1063	광선
1064	메타크릴
1065	밝기
1066	국부
1067	설정
1068	받침
1069	기호
1070	입경
1071	수수료정보
1072	티티
1073	히드로
1074	구속
1075	분산액
1076	이차
1077	드릴
1078	도구
1079	부족
1080	토출구
1081	난연
1082	요청
1083	출력신호
1084	인치
1085	차량
1086	분광
1087	염산
1088	동기
1089	피롤리딘
1090	라듐
1091	루브
1092	보충
1093	선반
1094	모바일단말기
1095	스프레이
1096	오븐
1097	칼륨
1098	압기
1099	시설
1100	술포닐
1101	퓨즈
1102	시야
1103	취하
1104	엘리베이터
1105	비활
1106	피하
1107	플릿
1108	공기
1109	인덕터
1110	엔트리
1111	보일러
1112	버전
1113	필라멘트
1114	측면
1115	광학
1116	코팅
1117	알키닐
1118	자형
1119	검정
1120	축선
1121	질막
1122	특허공보
1123	원심분리
1124	정구
1125	스토
1126	발행
1127	바탕
1128	범프
1129	옵션
1130	라이너
1131	추진
1132	판독가능
1133	이제
1134	소화
1135	시각정보
1136	기하
1137	취급
1138	절연체
1139	이송
1140	나노
1141	철근
1142	포스트
1143	여부
1144	송수정보
1145	어닐
1146	돌연변이
1147	투사
1148	회전체
1149	모습
1150	친수성
1151	아크릴레이트
1152	변속기
1153	소수성
1154	선로
1155	복제
1156	별개
1157	급격
1158	데실
1159	최초출원
1160	세균
1161	폴리올레핀
1162	실용
1163	수조
1164	디메틸미노
1165	폴드
1166	폐수
1167	이름
1168	열전도
1169	능동
1170	필러
1171	기둥
1172	자료
1173	저압
1174	도움
1175	리포
1176	동력
1177	정정
1178	녹화
1179	순서도
1180	근방
1181	비타민
1182	디올
1183	전열
1184	외곽
1185	소리
1186	수거
1187	단부
1188	카르복실산
1189	장비
1190	간주
1191	브러시
1192	충진
1193	콘택홀
1194	완충액
1195	숙성
1196	발트
1197	사각형
1198	민감
1199	스케줄링
1200	맵핑
1201	투과
1202	양이온
1203	화장품
1204	경량
1205	스트리
1206	본질
1207	다량
1208	센서부
1209	변이체
1210	중합
1211	규소
1212	치아
1213	폴리카보네이트
1214	인스
1215	팩트
1216	용량
1217	장벽
1218	모뎀
1219	두께
1220	지질
1221	카테고리
1222	포유
1223	국소
1224	리프트
1225	정판
1226	균열
1227	팔라듐
1228	회로부
1229	케이블
1230	지지
1231	참여
1232	카복실산
1233	현상
1234	쇼핑
1235	논의
1236	회로판
1237	중성
1238	클릭
1239	간략
1240	나프틸
1241	다운링크
1242	성체
1243	고도
1244	유지
1245	화성
1246	플런저
1247	커팅
1248	예의
1249	곤란
1250	옥사이드
1251	나제
1252	피롤
1253	화물
1254	사료
1255	사운드
1256	알람
1257	서서히
1258	공급관
1259	수용
1260	스트로
1261	알데히드
1262	점등
1263	멤버정보
1264	멀티렉
1265	빈도
1266	프탈
1267	올리고머
1268	픽처
1269	시스
1270	시버
1271	커터
1272	실험예
1273	알리
1274	석출
1275	시클로헥실
1276	조정
1277	드레스
1278	실정
1279	세팅
1280	센스
1281	냉기
1282	피사체
1283	잠재
1284	원판
1285	흡입구
1286	불과
1287	콜라
1288	파트
1289	구매
1290	오토
1291	요인
1292	연성
1293	중화
1294	메틸렌
1295	글라스
1296	앰프
1297	투과율
1298	홀로
1299	충전
1300	하수
1301	복구
1302	멸균
1303	시편
1304	바닥
1305	방문
1306	이력
1307	계통
1308	도중
1309	므로
1310	포스포
1311	발급
1312	각기
1313	푸시
1314	돌기부
1315	압입
1316	별로
1317	발산
1318	투광
1319	알루미늄
1320	포인터
1321	샤프트
1322	평활
1323	키패드
1324	그루브
1325	균질
1326	격리
1327	미분
1328	플로팅
1329	므로써
1330	접촉
1331	포커스
1332	글래스
1333	스테
1334	공개
1335	화제
1336	메모리부
1337	담당
1338	자전거
1339	퇴적
1340	타격
1341	식별정보
1342	계량
1343	비행
1344	보고
1345	에틸아민
1346	점수
1347	최고
1348	연료
1349	코발트
1350	목재
1351	선물
1352	프레
1353	리돈
1354	부탄
1355	서빙
1356	패치
1357	어닐링
1358	당뇨
1359	용적
1360	열풍
1361	라우저
1362	경질
1363	발전
1364	증상
1365	왁스
1366	호퍼
1367	알콕시기
1368	엔티티
1369	인용
1370	저장탱크
1371	아래쪽
1372	런트
1373	정규
1374	태양
1375	본문정보
1376	토니트릴
1377	기름
1378	도면
1379	이방성
1380	저항
1381	시드
1382	유입
1383	명시
1384	결합홈
1385	치료제
1386	저렴
1387	유효량
1388	플루오페닐
1389	장치
1390	금속판
1391	가산
1392	처리장치
1393	근처
1394	물리
1395	투자
1396	통전
1397	가용성
1398	음원
1399	저장매체
1400	엘라스
1401	대사
1402	장착부
1403	뉴클레오타이드
1404	점검
1405	기동
1406	풍력
1407	종종
1408	가령
1409	판넬
1410	내용
1411	호스
1412	티탄
1413	트리스
1414	지부
1415	부정
1416	펀트
1417	패시턴스
1418	규제
1419	메시지
1420	산나트륨
1421	금속막
1422	탄성체
1423	카트
1424	측면
1425	백신
1426	서명
1427	병원
1428	믹서
1429	관측
1430	평형
1431	의약
1432	디지탈
1433	만드
1434	리턴
1435	포켓
1436	브롬
1437	시스
1438	적하
1439	메시
1440	증후군
1441	콘트롤
1442	포트
1443	개량
1444	도막
1445	블로그
1446	표기
1447	채취
1448	포주
1449	제조장치
1450	리브
1451	수증기
1452	화부
1453	지폐
1454	연결관
1455	리프
1456	독성
1457	접합부
1458	타일
1459	자명
1460	가닥
1461	란트
1462	케이트
1463	설포닐
1464	지불
1465	아크릴
1466	소량
1467	굴절
1468	폴리옥시
1469	펜틸
1470	인트
1471	화소
1472	광축
1473	변압기
1474	미소
1475	유기발광
1476	식별
1477	상품
1478	의자
1479	플렉시블
1480	환기
1481	알코올
1482	아미노기
1483	블렌
1484	카복
1485	마이컴
1486	홈부
1487	헤테로시클
1488	너트
1489	집전체
1490	기업
1491	다단
1492	예정
1493	황토
1494	마개
1495	트리아졸
1496	장시간
1497	납부
1498	라우터
1499	사용
1500	압박
1501	피페
1502	테이프
1503	단말장치
1504	워드라인
1505	소실
1506	침전물
1507	경쇄
1508	상품
1509	브로드
1510	프린팅
1511	뱅킹정보
1512	스핀
1513	아미
1514	비수
1515	모발
1516	테트라메틸
1517	와이퍼
1518	마이크로프로세서
1519	미터
1520	가열
1521	측정부
1522	범용
1523	제조공정
1524	현저
1525	도트
1526	에멀젼
1527	반원
1528	화장료
1529	요동
1530	서블
1531	지령
1532	의류
1533	권한
1534	비틀
1535	탄화수소기
1536	수요
1537	원호
1538	분산제
1539	복소
1540	세제
1541	조직
1542	수평방향
1543	고서
1544	발광다이오드
1545	스테이터
1546	체결
1547	중합
1548	업무
1549	길항
1550	원적외선
1551	선체
1552	장기간
1553	교반기
1554	폴리에테르
1555	견인
1556	함수
1557	로크
1558	작부
1559	동력전달
1560	시리
1561	리디닐
1562	가짐
1563	셀룰러
1564	이동가능
1565	겸용
1566	그램
1567	압출기
1568	에어로
1569	변형
1570	지금
1571	자력
1572	승인
1573	나이트
1574	스티링
1575	어긋
1576	갈수록
1577	인슐린
1578	적분
1579	표시장치
1580	국제
1581	헤드부
1582	엘라스토머
1583	강판
1584	덱스트
1585	제공
1586	지점
1587	아연
1588	소유
1589	흑색
1590	반사판
1591	터치스크린
1592	설명
1593	송신부
1594	첨부도면
1595	노트
1596	기준값
1597	클로로포름
1598	부형제
1599	낚시
1600	광범위
1601	증강
1602	섭취
1603	메타데이터
1604	작용기
1605	합성
1606	컨트롤
1607	센스
1608	지표
1609	부합
1610	요금
1611	스터
1612	클라우드
1613	제스처
1614	재질
1615	끼리
1616	페라이트
1617	컬러필터
1618	비페닐
1619	전동기
1620	이체
1621	심장
1622	부드
1623	외형
1624	검사
1625	어짐
1626	티아졸
1627	회피
1628	활성제
1629	어려움
1630	라운드
1631	일정간격
1632	교량
1633	단속
1634	펀드
1635	충전제
1636	플렉서블
1637	채택
1638	프로그램
1639	자성체
1640	배향막
1641	엑스
1642	정액
1643	펀치
1644	궤도
1645	브러쉬
1646	덮개
1647	확산
1648	바닥부
1649	폴리뉴클레오티드
1650	상향링크
1651	허리
1652	결착
1653	요크
1654	플라이
1655	매니폴드
1656	대체로
1657	해양
1658	금융거래
1659	조일
1660	임플란트
1661	곡률
1662	로프
1663	렉트
1664	렌기
1665	오른쪽
1666	인터럽
1667	대장
1668	호흡
1669	콘텐트
1670	부상
1671	윤곽
1672	측정값
1673	건조기
1674	대물
1675	혼합기
1676	왼쪽
1677	송풍기
1678	자기
1679	입력단
1680	원부
1681	쇼트
1682	운전
1683	수산기
1684	외력
1685	흡수
1686	렌더링
1687	리프레
1688	삼각
1689	흡광
1690	허가
1691	바퀴
1692	승하
1693	브라우저
1694	반경방향
1695	디아
1696	세금정보
1697	다이아몬드
1698	틈새
1699	무늬
1700	비대칭
1701	감지센서
1702	부티
1703	부동
1704	중력
1705	구매
1706	듀얼
1707	재의
1708	제어수단
1709	고착
1710	송금
1711	횡단
1712	상대방
1713	전자석
1714	조절부
1715	조작
1716	다소
1717	무인
1718	방향
1719	회전판
1720	조립
1721	심지
1722	사용시
1723	그룹
1724	최대한
1725	비중
1726	파우더
1727	레그
1728	알콕시
1729	러스트
1730	지르코늄
1731	마이크로폰
1732	저항값
1733	계단
1734	가치
1735	강관
1736	담배
1737	텍스
1738	망간
1739	방치
1740	스캐너
1741	도파관
1742	상층
1743	로지
1744	바닥판
1745	정맥
1746	가교제
1747	할로알킬
1748	부타디엔
1749	발진기
1750	부가세정보
1751	스탬
1752	사시
1753	스트리밍
1754	고무
1755	보스
1756	템플릿
1757	규모
1758	탄소나노
1759	레스테
1760	샤워
1761	절곡부
1762	제어함
1763	창문
1764	박막트랜지스터
1765	개월
1766	건설
1767	노치
1768	단부
1769	압축공기
1770	폴리스티렌
1771	산소
1772	파티션
1773	주기
1774	붕소
1775	역류
1776	보온
1777	나졸
1778	변조기
1779	플랜지부
1780	시설
1781	극복
1782	방위
1783	출하
1784	가운데
1785	신안
1786	로킹
1787	파이트
1788	화소전극
1789	세지
1790	퀴놀린
1791	플러
1792	호환
1793	리모콘
1794	비접촉
1795	자가
1796	입력신호
1797	인터리
1798	척수
1799	페닐기
1800	플럭
1801	점유
1802	카르복실레이트
1803	온도센서
1804	브릿지
1805	웨브
1806	침입
1807	결정부
1808	번거
1809	레티
1810	질산
1811	요법
1812	결제비율정보
1813	합금
1814	웹페이지
1815	배출관
1816	메카
1817	피처리
1818	국한
1819	고가
1820	부력
1821	발판
1822	사각
1823	른다
1824	혈장
1825	과산화
1826	재현
1827	다이메틸
1828	스테인레스
1829	트랩
1830	사지
1831	디소시트
1832	타깃
1833	게이션
1834	게놈
1835	레트
1836	르마
1837	해제
1838	오염
1839	외주연
1840	동부
1841	마스
1842	확립
1843	판매
1844	이성질체
1845	가의
1846	삼각형
1847	인터럽트
1848	행동
1849	열전달
1850	레닐
1851	화성
1852	일회용
1853	재순환
1854	문맥
1855	종자
1856	제한
1857	연산부
1858	수상
1859	구강
1860	안정
1861	사이클
1862	플래쉬
1863	판단부
1864	배당
1865	백업
1866	분리기
1867	도전체
1868	모양
1869	통증
1870	무색
1871	절취
1872	쉬프트
1873	다발
1874	맨홀
1875	기억부
1876	구인
1877	재활
1878	상표
1879	블로그정보
1880	증명
1881	스풀
1882	윤활제
1883	보어
1884	셔닝
1885	동안
1886	염수
1887	메톡페닐
1888	기록
1889	체결공
1890	수식
1891	스위칭부
1892	전자빔
1893	광량
1894	가이드레일
1895	케이터
1896	돌기
1897	메틸페닐
1898	공명
1899	액정패널
1900	차선
1901	서열
1902	장면
1903	척추
1904	반죽
1905	반도체막
1906	발포체
1907	히팅
1908	계획
1909	청소기
1910	밀도
1911	유화
1912	레이저광
1913	평평
1914	강재
1915	개시
1916	에닐
1917	링커
1918	시나
1919	개개
1920	절약
1921	웹사이트
1922	비트스트림
1923	입구
1924	사선
1925	유아
1926	가이드홈
1927	화상형성
1928	잭션
1929	밸런스
1930	승객
1931	폴리펩타이드
1932	토프
1933	구면
1934	지반
1935	광도
1936	페이징
1937	어날
1938	아세트산
1939	접착
1940	라운드
1941	착부
1942	베인
1943	국내
1944	출구
1945	그레이
1946	일차
1947	에피택
1948	입증
1949	펠릿
1950	피봇
1951	트랜잭션
1952	캅토
1953	수량
1954	이송부
1955	저지
1956	강력
1957	약품
1958	인큐
1959	공격
1960	설정부
1961	층간절연막
1962	음성신호
1963	이동통신단말기
1964	긴급
1965	포르
1966	창업
1967	디아민
1968	수화물
1969	판넬
1970	결합공
1971	슬래그
1972	술포닐
1973	시기
1974	면적
1975	냄새
1976	캡쳐
1977	위생
1978	반송
1979	체류
1980	미연
1981	카보닐
1982	교육
1983	회선
1984	반응액
1985	에탄올
1986	무리
1987	명명
1988	미터
1989	정신
1990	콜레스테
1991	성형품
1992	버스
1993	조명장치
1994	열팽창
1995	투과성
1996	친환경
1997	활성탄
1998	토리
1999	습기
2000	모델링
2001	통보
2002	정리
2003	한지
2004	자속
2005	대두
2006	부산물
2007	스플
2008	결정
2009	심벌
2010	공개특허공보
2011	로터리
2012	회사
2013	메틸기
2014	플럭스
2015	슬래브
2016	도가니
2017	베드
2018	메타크릴산
2019	보강재
2020	노브
2021	측쇄
2022	추출부
2023	기준전압
2024	광대역
2025	유사체
2026	냉방
2027	옥틸
2028	앰블
2029	디올
2030	다이얼
2031	포지티브
2032	광고주
2033	분체
2034	고정홈
2035	점선
2036	칫솔
2037	로딩
2038	스아미드
2039	트립
2040	사진
2041	클론
2042	문장
2043	후퇴
2044	아우
2045	탄소나노튜브
2046	산화막
2047	에스터
2048	구조체
2049	화염
2050	라지
2051	셀룰
2052	나일
2053	아주
2054	클리닝
2055	감겨
2056	재전송
2057	가속도
2058	패리티
2059	멀티렉
2060	토큰
2061	르몬
2062	측방
2063	전자문서
2064	수표
2065	메카니즘
2066	사부
2067	도통
2068	고정핀
2069	분자량
2070	업체
2071	사다리
2072	장입
2073	중공부
2074	크기
2075	칸막
2076	시클로헥산
2077	표시패널
2078	차단기
2079	텐션
2080	폭방향
2081	배양액
2082	비스페놀
2083	중심
2084	내외
2085	하천
2086	리소그래피
2087	카르보
2088	보강
2089	삽입공
2090	회사
2091	은행
2092	우리
2093	원추
2094	산성
2095	자계
2096	길항제
2097	분진
2098	피리
2099	비틀림
2100	오염물질
2101	손잡이부
2102	다이어그램
2103	권리범위
2104	리니
2105	라미트
2106	비트
2107	시계
2108	루션
2109	스테인리스
2110	측판
2111	나일론
2112	아마이드
2113	배설
2114	앰프
2115	방사
2116	퍼센트
2117	로틀
2118	결합부
2119	칼날
2120	프로테
2121	방음
2122	만성
2123	술폰
2124	멀티캐스트
2125	경험
2126	코트
2127	이식
2128	페논
2129	다각형
2130	침착
2131	탈취
2132	열거
2133	나사부
2134	시술
2135	빗물
2136	저장정보
2137	하층
2138	측정치
2139	측정장치
2140	스폿
2141	피검
2142	행정
2143	베이스부
2144	에스
2145	수리
2146	트리에틸아민
2147	가소제
2148	좌우
2149	고정장치
2150	주제
2151	개설
2152	분명
2153	종속
2154	뉴클레오티드
2155	가온
2156	직접세
2157	간접세
2158	용역정보
2159	유성기
2160	스케쥴
2161	처리기
2162	합계액
2163	단백질
2164	엠보
2165	질환
2166	알카
2167	뱅킹
2168	상하방향
2169	복권정보
2170	금융수수료정보
2171	변수
2172	후단부
2173	스펜
2174	횡단
2175	치합
2176	셀룰로스
2177	파장
2178	루틴
2179	기생
2180	가전
2181	광신호
2182	오히려
2183	포도
2184	터보
2185	연락
2186	최대값
2187	펀드정보
2188	창업정보
2189	회전부
2190	강유
2191	상표
2192	기부정보
2193	열분해
2194	기압
2195	대폭
2196	폭발
2197	절개부
2198	마운트
2199	업체
2200	편광자
2201	메세지
2202	원소
2203	포름아미드
2204	게이지
2205	식도
2206	보수
2207	프리앰블
2208	전자상거래
2209	지방
2210	중개
2211	충격
2212	이동식
2213	르마늄
2214	케미
2215	어남
2216	컨텐트
2217	브로
2218	저속
2219	에어로졸
2220	라닐
2221	등록상표
2222	근사
2223	사양
2224	소망
2225	기술자
2226	제휴
2227	카르복실기
2228	환원제
2229	최저
2230	매장
2231	타입
2232	수수
2233	조절부
2234	컴퓨
2235	소부틸
2236	제빙
2237	무관
2238	노일
2239	유도
2240	소르
2241	무촉매
2242	수도
2243	분사노즐
2244	수익
2245	중간층
2246	소수
2247	계약
2248	정전용량
2249	유기용매
2250	둘째
2251	모스
2252	발생기
2253	글리세
2254	수압
2255	집수
2256	미네
2257	스템
2258	포지션
2259	공사
2260	루트
2261	히드록시
2262	대기압
2263	액션
2264	재결정
2265	디옥산
2266	주연
2267	상의
2268	스트로
2269	송수신기
2270	화제
2271	데칸
2272	입력부
2273	주머니
2274	베어링
2275	심지어
2276	광택
2277	동심
2278	인력
2279	범퍼
2280	아지
2281	마무리
2282	펌웨어
2283	인증서
2284	설명
2285	구인구직
2286	레코드
2287	화상형성장치
2288	분산
2289	통풍
2290	저장장치
2291	에피토프
2292	심각
2293	이버
2294	용해도
2295	나사
2296	직전
2297	국가
2298	설페이트
2299	원주방향
2300	상동
2301	수단
2302	플롭
2303	누수
2304	부작용
2305	취부
2306	노르
2307	텔레비젼
2308	브로드캐스트
2309	설정값
2310	골수
2311	수화물
2312	수차
2313	승압
2314	컴퓨터
2315	플랩
2316	웹서버
2317	면적
2318	인조
2319	히스토
2320	홈페이지
2321	과열
2322	구인구직정보
2323	막두께
2324	간다
2325	마찰력
2326	수질
2327	이진
2328	접착
2329	본문결제정보
2330	감지센서
2331	집속
2332	흡수제
2333	체결구
2334	안트
2335	소독
2336	카복실
2337	티탄
2338	지압
2339	광촉매
2340	롤링
2341	흡착제
2342	치가
2343	마스킹
2344	스크리닝
2345	모세관
2346	협력
2347	우레
2348	시험관
2349	콘센트
2350	커버리지
2351	과잉
2352	글리세롤
2353	지붕
2354	문자열
2355	틸트
2356	탄탈
2357	와류
2358	출력축
2359	방송
2360	트리진
2361	마그네
2362	유방
2363	종합
2364	재생
2365	감기
2366	쐐기
2367	한도
2368	화질
2369	기준
2370	노트북
2371	지리
2372	게이트전극
2373	흡입
2374	리소
2375	스타일
2376	단가
2377	대각
2378	코트
2379	돼지
2380	디메틸
2381	날짜
2382	재치
2383	노화
2384	블렌드
2385	실외기
2386	전자장치
2387	합산
2388	게르마늄
2389	클론
2390	정확도
2391	인삼
2392	밀도
2393	본래
2394	불화
2395	티켓
2396	인스트
2397	동맥
2398	스테레오
2399	알케닐
2400	혼합액
2401	아들
2402	틸팅
2403	실러스
2404	유리판
2405	휴대단말기
2406	대차
2407	좌표
2408	코크
2409	배전
2410	발송
2411	플립플롭
2412	혼련
2413	단수
2414	반도체소자
2415	테트라
2416	루프
2417	위치결정
2418	참고예
2419	프리
2420	테트라히드로푸란
2421	일종
2422	티아
2423	거더
2424	유익
2425	서스펜
2426	앞쪽
2427	흐름
2428	혼성
2429	중간부
2430	햅틱
2431	인스턴스
2432	청정
2433	취약
2434	튜닝
2435	이드록실
2436	디메틸포름아미드
2437	보조제
2438	능력
2439	정형
2440	조화
2441	금지
2442	송수신부
2443	테닐
2444	서브필드
2445	사고
2446	대상물
2447	비션
2448	스냅
2449	프로피오
2450	리플
2451	가량
2452	커뮤
2453	직후
2454	변속
2455	물건
2456	옥시기
2457	타르
2458	콘트라스트
2459	컨텍스트
2460	소지
2461	네오
2462	헵탄
2463	배럴
2464	프로젝터
2465	확정
2466	변조
2467	응축수
2468	포인트
2469	차지
2470	최적화
2471	쐐기
2472	차트
2473	지환
2474	멤버
2475	석탄
2476	발사
2477	격납
2478	거운
2479	반대방향
2480	블릿
2481	석유
2482	설폰
2483	마모
2484	재활용
2485	니코
2486	팔트
2487	자재
2488	메모리
2489	샌드
2490	측방향
2491	펄프
2492	정부
2493	부트
2494	세척
2495	충전기
2496	컨택트
2497	구해
2498	출력단자
2499	조사
2500	관통구멍
2501	노면
2502	비점
2503	미네랄
2504	자동
2505	실리콘막
2506	자일
2507	시행
2508	실록산
2509	힌지부
2510	에피택셜
2511	여성
2512	증폭부
2513	결합부재
2514	제조시
2515	최외
2516	용강
2517	열차
2518	방사성
2519	행위
2520	점점
2521	집적회로
2522	공급관
2523	폴리옥에틸렌
2524	독소
2525	개방부
2526	비누
2527	발달
2528	화분
2529	제트
2530	방출
2531	피트
2532	낭비
2533	폴리싱
2534	증폭기
2535	패키징
2536	사물
2537	웨어러블
2538	무시
2539	시점
2540	려고
2541	방열판
2542	영동
2543	센터
2544	상처
2545	프로필렌글리콜
2546	홀수
2547	터브
2548	그릴
2549	내부
2550	발생부
2551	식생
2552	제어신호
2553	정점
2554	착물
2555	소각
2556	입력단자
2557	녹음
2558	프로펠러
2559	공장
2560	감지부
2561	결합돌기
2562	페이로드
2563	종래기술
2564	어깨
2565	체계
2566	골재
2567	사이토
2568	결부
2569	옥수수
2570	코폴리머
2571	냉동실
2572	분류정보
2573	리터
2574	페닐렌
2575	껍질
2576	탈부착
2577	트렁
2578	램블
2579	버블
2580	동력
2581	부싱
2582	분포
2583	광중합
2584	초고
2585	항암
2586	동결건조
2587	수문
2588	디알킬
2589	전화
2590	라텍스
2591	일방
2592	파티
2593	가구
2594	측단
2595	이용
2596	비슷
2597	차륜
2598	짝수
2599	세계
2600	우산
2601	아미
2602	고상
2603	주축
2604	동기
2605	지수
2606	아미드
2607	유화제
2608	동물
2609	회전
2610	소원
2611	함유
2612	과량
2613	사출성형
2614	취할
2615	특허출원
2616	증발가스
2617	공작물
2618	개폐
2619	쇼핑몰
2620	접합체
2621	배기관
2622	요법
2623	경감
2624	재봉
2625	처리실
2626	수송
2627	벤트
2628	종단
2629	소자분리
2630	관여
2631	해독
2632	한층
2633	모자
2634	항온
2635	생체내
2636	이체수수료
2637	하부
2638	보급
2639	연화
2640	캐리
2641	전면부
2642	투입
2643	말단부
2644	아마
2645	추출물
2646	염기서열
2647	정식
2648	추세
2649	거품
2650	악화
2651	마리
2652	밀링
2653	마이크로미터
2654	착체
2655	내비게이션
2656	원뿔
2657	가로등
2658	사이클헥실
2659	접합
2660	일정량
2661	펜탄
2662	박막
2663	비동기
2664	반사
2665	오직
2666	자부
2667	절기
2668	조류
2669	이미드
2670	곡물
2671	조금
2672	분석부
2673	감쇄
2674	선재
2675	게인
2676	하부전극
2677	배양
2678	결정질
2679	동화상
2680	안착홈
2681	포장
2682	당좌
2683	니트릴
2684	응답
2685	제너
2686	실레이트
2687	발생시
2688	퀴논
2689	개스
2690	디프로필
2691	규칙
2692	동정
2693	기부
2694	관능
2695	펀칭
2696	알킬렌
2697	표면처리
2698	구름
2699	코덱
2700	블라인드
2701	레티클
2702	스피
2703	버시
2704	소결체
2705	시펜
2706	손목
2707	얼마
2708	나노튜브
2709	오버레이
2710	물탱크
2711	질문
2712	스크랩정보
2713	더블
2714	시클로프
2715	프린트
2716	상하부
2717	웨이브
2718	송금수수료정보
2719	회수
2720	과거
2721	유압실린더
2722	충전재
2723	역회전
2724	엠보싱
2725	클래드
2726	엔진
2727	모멘트
2728	부스
2729	네트
2730	갈륨
2731	청소
2732	할로겐
2733	끝단부
2734	콜레스테롤
2735	해제
2736	피가공
2737	시험편
2738	고급
2739	하류
2740	환전수수료정보
2741	촉진제
2742	분류저장정보
2743	광부
2744	에스
2745	미드
2746	비트선
2747	피어
2748	투과성
2749	장부
2750	부시
2751	커싱
2752	집게
2753	스케일링
2754	인덕턴스
2755	조기
2756	일기
2757	결정립
2758	특개
2759	다중화
2760	판부
2761	공용
2762	근위
2763	채팅
2764	광원부
2765	이더넷
2766	메타크릴레이트
2767	이드
2768	음극선관
2769	아세트산에틸
2770	부탄올
2771	경부
2772	싱글
2773	균등물
2774	캐리어
2775	스타트
2776	프로피
2777	글리세린
2778	무늬
2779	돌부
2780	슈퍼
2781	입금
2782	기이
2783	파이드
2784	덮개부
2785	회로부
2786	포크
2787	아들
2788	완충제
2789	락톤
2790	회전운동
2791	공급장치
2792	완벽
2793	당류
2794	정렬
2795	뉴클레오타이드
2796	스로틀
2797	덱스트린
2798	안치
2799	수취
2800	디폴트
2801	스탬프
2802	이산
2803	디옥소
2804	믹싱
2805	오프라인
2806	스크라이
2807	디스펜서
2808	반도체판
2809	트라이플루오
2810	나열
2811	제어기
2812	시계
2813	패시
2814	전류값
2815	회전부재
2816	슬롯
2817	퀴나졸
2818	아세틸
2819	압연
2820	분석기
2821	본드
2822	금속염
2823	인원
2824	현미경
2825	인터페
2826	알콜
2827	진정
2828	네이션
2829	피팅
2830	이란
2831	플랜
2832	작시
2833	스위치부
2834	나이트
2835	극히
2836	토크
2837	수용공간
2838	스레드
2839	매입
2840	불연
2841	포토마스크
2842	페인트
2843	폴린
2844	헤테로시클릴
2845	클로닝
2846	전통
2847	게이트선
2848	차수
2849	참가
2850	동의
2851	카르바
2852	배포
2853	용매화물
2854	레스트
2855	문자
2856	방진
2857	절결
2858	가방
2859	헬리
2860	태블릿
2861	입력축
2862	공통전극
2863	구이
2864	상부
2865	시차
2866	잔량
2867	절편
2868	탁수
2869	흡광도
2870	난방
2871	키나제
2872	고정편
2873	메신저
2874	제조
2875	특징점
2876	동영상정보
2877	신호
2878	저장
2879	안내부
2880	다공
2881	사용상태
2882	자수
2883	면역글
2884	타이
2885	트레이스
2886	코르
2887	아우터
2888	수확
2889	내연기관
2890	식각
2891	식염수
2892	프로테아제
2893	휴지
2894	커튼
2895	프로판올
2896	프리차지
2897	글리코
2898	격자
2899	하드디스크
2900	역전
2901	감산
2902	슬라브
2903	저작
2904	범위내
2905	누구
2906	너스
2907	넘버
2908	점화
2909	관체
2910	디온
2911	레이저빔
2912	긴장
2913	주사
2914	상자
2915	어린이
2916	파라핀
2917	외통
2918	이드록시
2919	랭킹
2920	상쇄
2921	폴리아크릴
2922	표면
2923	옥사졸
2924	수화
2925	캡핑
2926	광고정보
2927	백분
2928	회의
2929	부딪
2930	스터드
2931	모음
2932	점멸
2933	미트
2934	환급
2935	저항기
2936	방안
2937	결실
2938	강의
2939	점토
2940	제약
2941	수관
2942	모바일뱅킹
2943	진동자
2944	본인
2945	참조번호
2946	저장실
2947	제반
2948	셋업
2949	방정식
2950	수록
2951	파트
2952	접속단자
2953	말레산
2954	발생장치
2955	소변
2956	아크릴아미드
2957	스태
2958	다수
2959	코크스
2960	스키
2961	콜로
2962	미니
2963	옹벽
2964	일괄
2965	옥살
2966	식품
2967	출력전압
2968	디조
2969	피동
2970	보디
2971	피페리딘
2972	포스페이트
2973	아미
2974	로딩
2975	인광
2976	알데히드
2977	기물
2978	축전지
2979	반대쪽
2980	아치
2981	방울
2982	직급정보
2983	메틸에틸
2984	성인
2985	조종
2986	핸드폰
2987	에틸아세테이트
2988	취미
2989	스케
2990	잠금장치
2991	콜렉터
2992	퓨란
2993	감속기
2994	무효
2995	표피
2996	리모트
2997	페어
2998	중량
2999	취해
3000	대장균
3001	메르
3002	다수광고정보
3003	축전
3004	버킷
3005	압축
3006	설폰
3007	인터넷뱅킹정보
3008	구성원
3009	단조
3010	포커싱
3011	활발
3012	브로마이드
3013	고추
3014	하전
3015	글리딜
3016	소포
3017	무작
3018	산정
3019	봉입
3020	칸막이
3021	받침부
3022	사이클프로필
3023	부티
3024	폐색
3025	플루
3026	평균
3027	메모
3028	면부
3029	전문가
3030	데이타
3031	염산염
3032	무한
3033	카바
3034	파이버
3035	용품
3036	비아홀
3037	송신
3038	니코틴
3039	공급물
3040	상변화
3041	접힘
3042	양자점
3043	열교환기
3044	면상
3045	피롤리돈
3046	책상
3047	인터리빙
3048	일산
3049	용탕
3050	비표면
3051	직립
3052	무작위
3053	지그
3054	반응
3055	메트릭
3056	업로드
3057	홈부
3058	감염
3059	기계
3060	실치
3061	응력
3062	스트랩
3063	폐수
3064	전력량
3065	팔레트
3066	카르바모일
3067	자재
3068	다중
3069	황산마그네슘
3070	전력선
3071	강유전체
3072	해충
3073	급부
3074	변색
3075	가열부
3076	옥사디아졸
3077	행거
3078	대상자
3079	스루
3080	반대편
3081	와이어
3082	가압
3083	배출구
3084	프로폭시
3085	폴리에스터
3086	주지
3087	플로우
3088	입사광
3089	로겐
3090	청취
3091	이탈방지
3092	사회
3093	증감
3094	피처
3095	순위
3096	운딩
3097	실용신안
3098	피닐
3099	고정돌기
3100	표시부
3101	하루
3102	시인
3103	홀로그램
3104	젤라틴
3105	선부
3106	판형
3107	인쇄
3108	분실
3109	무기물
3110	단선
3111	포토다이오드
3112	진동
3113	스프
3114	마그
3115	디렉토리
3116	서브세트
3117	바나
3118	분배
3119	라디에이터
3120	총량
3121	로워
3122	진동판
3123	닐린
3124	글자
3125	폴리
3126	수렴
3127	오일
3128	아스파
3129	도전
3130	센싱부
3131	초전
3132	정제수
3133	처리수
3134	도식
3135	관절염
3136	냉각장치
3137	광로
3138	내부공간
3139	탈온수
3140	지그재그
3141	실용
3142	공액
3143	화막
3144	파이프라인
3145	유추
3146	회전방향
3147	배율
3148	부민
3149	회전각
3150	시경
3151	나사
3152	한글
3153	클리
3154	포스파
3155	상류
3156	병증
3157	실리케이트
3158	드록프로필
3159	유리섬유
3160	추론
3161	알킬렌기
3162	잘못
3163	프로판올
3164	라이닝
3165	산화아연
3166	바디부
3167	내압
3168	코드워드
3169	어셈블리
3170	이용
3171	해체
3172	안티센스
3173	준치
3174	아무
3175	픽셀
3176	핸드오프
3177	날개부
3178	인산염
3179	세닐
3180	변기
3181	염색체
3182	오염물
3183	차부
3184	양생
3185	교번
3186	시클로펜틸
3187	염소
3188	비경
3189	버퍼링
3190	광물
3191	트레드
3192	배리
3193	스킨
3194	계산부
3195	곡선
3196	유지부
3197	개도
3198	아키
3199	행함
3200	안전사고
3201	삽입구
3202	사무
3203	도난
3204	헵틸
3205	거울
3206	개요
3207	이동
3208	매체
3209	이미지
3210	스텐트
3211	레르
3212	온도
3213	검출기
3214	화수소
3215	항생제
3216	방제
3217	카보
3218	토션
3219	케이
3220	표본
3221	활주
3222	바텀
3223	세포독
3224	속도
3225	높낮이
3226	검부
3227	난연제
3228	플러그
3229	회전시
3230	열량
3231	제곱
3232	광센서
3233	안내홈
3234	드록페닐
3235	레시
3236	유입관
3237	로신
3238	댐핑
3239	미용
3240	접근법
3241	립트
3242	시알킬기
3243	항산화
3244	포일
3245	방지막
3246	좌표계
3247	선행기술
3248	자율
3249	염화나트륨
3250	카복시
3251	펜타
3252	도광
3253	부반송파
3254	가산기
3255	네일
3256	마늘
3257	발명
3258	카르복스아미드
3259	재단
3260	장방
3261	등록특허
3262	원단
3263	루테
3264	급기
3265	나노섬유
3266	촉각
3267	표시기
3268	폐기물
3269	과학
3270	상태
3271	상담
3272	검색
3273	희토류
3274	테일
3275	결핍
3276	레인지
3277	망막
3278	출입구
3279	가설
3280	과전류
3281	눈금
3282	신청
3283	취미정보
3284	배수구
3285	헤테로시클
3286	아이스
3287	혈압
3288	전압값
3289	인증처리
3290	디히드록시
3291	보트
3292	조절장치
3293	도데실
3294	판스프링
3295	뒤쪽
3296	카피
3297	원심력
3298	페난트
3299	정산
3300	무전
3301	피란
3302	메모리셀
3303	후륜
3304	수은
3305	상부
3306	연골
3307	간부
3308	제대로
3309	치과
3310	리시버
3311	가이드부재
3312	사방
3313	렉터
3314	스폰
3315	나이
3316	자막
3317	고기
3318	원선
3319	덩어리
3320	케이싱
3321	고성능
3322	텍처
3323	엔코더
3324	측위
3325	타르
3326	입수가능
3327	트랜스포머
3328	텔레뱅킹정보
3329	용접부
3330	리셉터
3331	주변단말기
3332	포늄
3333	반사경
3334	나이프
3335	아키텍처
3336	안구
3337	외주부
3338	학생
3339	단말기위치
3340	도형
3341	이동통신망
3342	천이
3343	내시경
3344	펄스폭
3345	스펀
3346	비휘발
3347	베벨
3348	언제
3349	머리부
3350	전이금속
3351	기저귀
3352	오믹
3353	시아노기
3354	샤시
3355	투석
3356	티타늄
3357	전립
3358	합착
3359	직선
3360	러짐
3361	스피
3362	선폭
3363	종축
3364	산화방지
3365	디카르복실산
3366	과부
3367	이익
3368	역학
3369	전송
3370	젠테이션
3371	인성
3372	이완
3373	췌장
3374	콘크리트
3375	워킹
3376	스트라이프
3377	활영역
3378	창틀
3379	파지부
3380	무수
3381	부화소
3382	상표명
3383	포괄
3384	드롭
3385	리드프레임
3386	약칭
3387	붙이
3388	항목
3389	아가
3390	성숙
3391	글리딜
3392	경매
3393	변환부
3394	보정
3395	공법
3396	기반
3397	인팅
3398	시선
3399	혈당
3400	석고
3401	캘리
3402	여서
3403	동위
3404	키메라
3405	가열기
3406	배위
3407	생장
3408	무단
3409	기압
3410	삽입홀
3411	거기
3412	기준점
3413	워드선
3414	미량
3415	브래킷
3416	임계
3417	용융물
3418	선상
3419	글루
3420	에틸헥실
3421	코일스프링
3422	공급
3423	일렬
3424	리프팅
3425	마개
3426	시스테인
3427	형성부
3428	단부
3429	검색어
3430	키스
3431	가까이
3432	바코드결제정보
3433	지퍼
3434	자산
3435	혼합물
3436	사업
3437	글루타
3438	압력센서
3439	홀드
3440	품질
3441	정사각
3442	체내
3443	쓰레기
3444	플러스
3445	반도체칩
3446	전위차
3447	제상
3448	중심점
3449	주유
3450	원고
3451	전립선
3452	시프
3453	드라이
3454	일본국
3455	풍기
3456	지하수
3457	액화가스
3458	관부
3459	구역
3460	포토리소그래피
3461	리트리
3462	부적
3463	다운
3464	전화기
3465	비등
3466	패드부
3467	콘솔
3468	주장
3469	유일
3470	대각선
3471	분지쇄
3472	네거티브
3473	복합재
3474	흡수체
3475	타이틀
3476	용제
3477	정축
3478	사멸
3479	티닐
3480	쿼리
3481	체인
3482	실선
3483	공급라인
3484	코팅액
3485	전력
3486	유전자
3487	리액
3488	알레르
3489	감지신호
3490	고해
3491	플러
3492	폴리실리콘막
3493	톨릴
3494	밀봉부
3495	고정설치
3496	일어난다
3497	텍터
3498	고로
3499	광속
3500	토사
3501	어디
3502	껍질
3503	모노메틸
3504	레이터
3505	사방지
3506	서지
3507	눌려
3508	부톡카르보닐
3509	지지편
3510	플리터
3511	산화물
3512	에노
3513	워터마크
3514	스크램블
3515	승인정보
3516	코스
3517	장착
3518	함량
3519	성형물
3520	술포트
3521	렌즈부
3522	발전기
3523	집합체
3524	단시간
3525	퀴나
3526	소멸
3527	분압
3528	브랜
3529	청소기
3530	히드로라이드
3531	파스너
3532	성부
3533	병행
3534	상피
3535	체제
3536	세공
3537	지연
3538	쉴드
3539	비표면
3540	바이알
3541	최소값
3542	마그네트론
3543	오수
3544	관상
3545	구한
3546	방송신호
3547	터치
3548	완료
3549	고정볼트
3550	생육
3551	리프레시
3552	풀림
3553	난연성
3554	실수
3555	캐스팅
3556	왕복운동
3557	인산
3558	증착법
3559	재생장치
3560	공동구매
3561	리프레쉬
3562	루엔자
3563	킬레이트
3564	우안
3565	경기
3566	트리플루오
3567	밸런
3568	감광체
3569	백분율
3570	원칙
3571	내재
3572	포스핀
3573	요철부
3574	함몰부
3575	분쇄기
3576	현수
3577	베이트
3578	앵글
3579	프레임부
3580	페이퍼
3581	미노
3582	동체
3583	변경
3584	화장치
3585	턴테이블
3586	유럽
3587	전시
3588	워딩
3589	장방형
3590	연락처
3591	인정
3592	정전압
3593	국어
3594	심부
3595	판재
3596	시리즈
3597	나중
3598	헹굼
3599	디드
3600	세탁
3601	융점
3602	클리어
3603	동맥
3604	선택기
3605	력발전
3606	무선신호
3607	스턴
3608	차이점
3609	결합구조
3610	피리미
3611	매트리스
3612	투시
3613	인도
3614	강철
3615	알부민
3616	좌안
3617	탄수화물
3618	포워딩
3619	보습
3620	절단부
3621	차양
3622	주방
3623	레이팅
3624	린스
3625	아디
3626	수평부
3627	코드북
3628	리더기
3629	오크
3630	승차
3631	리트리톨
3632	홍보
3633	황색
3634	히스토그램
3635	서리
3636	여과액
3637	역상
3638	공개특허
3639	디코드
3640	데스크
3641	도포액
3642	팽윤
3643	해저
3644	종횡
3645	정방향
3646	플로우차트
3647	임베
3648	미반응
3649	내포
3650	원사
3651	발아
3652	우유
3653	계좌정보
3654	조류
3655	무수물
3656	정치
3657	철심
3658	스플라
3659	변속기
3660	증점
3661	냉난방
3662	셔너
3663	안면
3664	원반
3665	색도
3666	탁월
3667	신호처리
3668	핸들
3669	터치패널
3670	귀금속
3671	우회
3672	결제비율
3673	광고수신
3674	구동방법
3675	에코
3676	백혈병
3677	지역
3678	커넥
3679	비제
3680	해리
3681	물품결제비율정보
3682	인발
3683	커브
3684	트위
3685	사제
3686	롤린
3687	열원
3688	배당정보
3689	교시
3690	분극
3691	유입부
3692	오링
3693	멤버정보
3694	하우스
3695	소화
3696	폐열
3697	레아
3698	선수
3699	결합기
3700	핸들러
3701	러버
3702	발색
3703	경첩
3704	비료
3705	공급기
3706	동조
3707	스위칭소자
3708	분리부
3709	상품광고
3710	광학
3711	보증
3712	연쇄
3713	에틸기
3714	금속박
3715	레싱
3716	성기
3717	상품광고분류정보
3718	발병
3719	세인
3720	금속산화물
3721	어두운
3722	접이식
3723	출현
3724	마일
3725	식물
3726	원기둥
3727	생리학
3728	시설물
3729	배치
3730	보강부재
3731	판독기
3732	포터
3733	저수조
3734	집회
3735	알콕카르보닐
3736	식이
3737	트레일
3738	사건
3739	무선랜
3740	우편
3741	다리부
3742	클럽
3743	전륜
3744	라우
3745	원거리
3746	자원
3747	작업대
3748	히드록실기
3749	비즈
3750	검사장치
3751	인플루엔자
3752	통신채널
3753	프레그
3754	바늘
3755	아토
3756	불용성
3757	메르캅토
3758	축부
3759	다관능
3760	최상부
3761	장축
3762	혈압
3763	팩터
3764	탈기
3765	장갑
3766	보이스
3767	가부
3768	배타
3769	난간
3770	리페
3771	변기
3772	주체
3773	충격흡수
3774	칭하
3775	광고승인정보
3776	철근
3777	동작
3778	배출공
3779	지적
3780	결기
3781	프레임워크
3782	소비전력
3783	설명
3784	잉여
3785	냉각제
3786	시안
3787	고용
3788	물류
3789	강선
3790	데이터라인
3791	상황정보
3792	구로
3793	시안
3794	회축
3795	편차
3796	원추
3797	리드선
3798	폴리실록산
3799	프레
3800	자료
3801	포르
3802	헤테로클릭
3803	스크립트
3804	촉진
3805	일관
3806	폴리비닐알코올
3807	매스
3808	정지
3809	동시
3810	최하
3811	픽업
3812	프리프레그
3813	교차점
3814	에이트
3815	촬영
3816	가연
3817	카르트
3818	사례
3819	바나듐
3820	인산
3821	환원
3822	개스킷
3823	노즐부
3824	형기
3825	운전석
3826	구리
3827	후방
3828	복용
3829	카르복
3830	소비
3831	색인
3832	칭한다
3833	피공물
3834	구체
3835	직진
3836	커뮤니티
3837	루스
3838	부모
3839	연습
3840	시험예
3841	정체
3842	통행
3843	돌출부
3844	스테아레이트
3845	로이
3846	경매
3847	살충
3848	클립
3849	상부전극
3850	반환
3851	선택신호
3852	밀접
3853	솔루션
3854	통신모듈
3855	취입
3856	요망
3857	부탄
3858	조리개
3859	온도계
3860	트리로
3861	옥산
3862	화소값
3863	개봉
3864	추종
3865	중금속
3866	청각
3867	에폭시기
3868	매스
3869	테트라키스
3870	피착
3871	맨드
3872	호일
3873	알루
3874	옥시드
3875	영어
3876	커널
3877	처치
3878	버시티
3879	로니트릴
3880	비스듬
3881	브이
3882	요금
3883	상정보
3884	찌꺼기
3885	클릭
3886	컴팩트
3887	외향
3888	주간
3889	냉각팬
3890	카복실레이트
3891	매치
3892	파이
3893	그라프트
3894	제어모듈
3895	대조
3896	제거장치
3897	포름알데히드
3898	뮬레이터
3899	미정제
3900	매수
3901	측벽부
3902	잡음
3903	용착
3904	분석법
3905	모노클날
3906	접철
3907	화소영역
3908	주파
3909	계합
3910	러그
3911	프로판올
3912	절전
3913	실행가능
3914	힌지결합
3915	테두리부
3916	현실
3917	카르복사미드
3918	신호등
3919	주행
3920	유산균
3921	불량
3922	디스크립
3923	셔틀
3924	급량
3925	사설
3926	프로젝션
3927	항산
3928	화물
3929	의약품
3930	형질감염
3931	혈소판
3932	차광막
3933	광도파
3934	라우릴
3935	바이폴
3936	로더
3937	기회
3938	구상
3939	배정
3940	페닐미노
3941	편광
3942	사선
3943	복권
3944	향기
3945	출력값
3946	관체
3947	취한
3948	리브레
3949	인성
3950	피페라진
3951	사인
3952	모르타르
3953	해상
3954	수기
3955	홍채
3956	수전
3957	조작
3958	전류
3959	파싱
3960	폴리소시트
3961	유기막
3962	레이미드
3963	성취
3964	입사각
3965	금속재
3966	냉매
3967	디퓨
3968	버클
3969	대항
3970	사다리꼴
3971	치밀
3972	텍스처
3973	그레이드
3974	하의
3975	나이드
3976	아스코르
3977	보호용
3978	페어링
3979	플레
3980	여분
3981	벽부
3982	신택
3983	엄격
3984	스트레인
3985	사이토카인
3986	디스에이블
3987	애완
3988	폴리에틸렌글리콜
3989	완만
3990	래스
3991	뭉치
3992	매달
3993	라이센스
3994	복강
3995	둘레
3996	흡연
3997	플로피
3998	대립
3999	체결수단
4000	리노
4001	신택스
4002	좌표값
4003	냉온
4004	케미컬
4005	부동산
4006	반구형
4007	자유도
4008	항공
4009	최상위
4010	의뢰
4011	전해
4012	바스켓
4013	측면
4014	플리
4015	금속제
4016	수처리
4017	천연
4018	플루라이드
4019	유전율
4020	원통형상
4021	관통
4022	알라닌
4023	과장
4024	서식
4025	역경매
4026	스타틴
4027	업그레이드
4028	로케이션
4029	동반
4030	말초
4031	아마이드
4032	유전막
4033	홍삼
4034	플라스마
4035	절대값
4036	레코더
4037	안정제
4038	대처
4039	매일
4040	부수
4041	기상증착
4042	혼합비
4043	알킬티오
4044	검색정보
4045	프런트
4046	인스트럭션
4047	약품
4048	도프
4049	기계
4050	바이오매스
4051	해상도
4052	메이
4053	로우즈
4054	공작
4055	유량계
4056	상반
4057	광확산
4058	소켓
4059	세대
4060	피복층
4061	코프
4062	진기
4063	도킹
4064	출력부
4065	다용
4066	기준선
4067	출입문
4068	흰색
4069	확산판
4070	순서
4071	주식회사
4072	스케쥴링
4073	시험관내
4074	부류
4075	위치상황정보
4076	발열
4077	각막
4078	하이퍼
4079	스플리터
4080	편안
4081	크리
4082	광픽업
4083	등장
4084	이물
4085	수신신호
4086	이동단말
4087	분절
4088	포름산
4089	헤테로사이클릴
4090	지주
4091	인터페론
4092	게이트라인
4093	포외
4094	어드레싱
4095	상세
4096	오렌지
4097	데옥시
4098	볼락
4099	포도당
4100	전하
4101	리톨
4102	리딩
4103	반감
4104	가로방향
4105	페어
4106	덱스트
4107	히트싱크
4108	배아
4109	처리방법
4110	녹차
4111	무엇
4112	벽부
4113	탄화물
4114	공정
4115	난소
4116	데리
4117	푸마
4118	감미
4119	포인팅
4120	화학물질
4121	병변
4122	상등
4123	비소
4124	우선순위
4125	근래
4126	나라
4127	가압
4128	옵셋
4129	획득부
4130	그리스
4131	옥틸
4132	도구
4133	외층
4134	배선판
4135	정수
4136	공연
4137	플루렌
4138	관통구
4139	서브픽셀
4140	프로파
4141	뷰틸
4142	동공
4143	농약
4144	문턱값
4145	도공
4146	공공
4147	방송국
4148	표시영역
4149	원판
4150	투과
4151	트랜스미션
4152	대류
4153	팝업
4154	히알루
4155	세포
4156	카메라부
4157	동력
4158	시럽
4159	세라믹스
4160	유기체
4161	분사구
4162	액정표시소자
4163	나노미터
4164	고순
4165	취지
4166	카복실산
4167	유전
4168	명부
4169	전소
4170	지시
4171	감자
4172	드로잉
4173	로커
4174	에스트
4175	평상
4176	머캅토
4177	절단기
4178	허니
4179	수조
4180	클린
4181	트리아졸
4182	불가피
4183	카라이드
4184	스스로
4185	상청
4186	굴삭
4187	리플렉터
4188	자식
4189	불소
4190	인원수
4191	머신
4192	러빙
4193	스폰지
4194	지난
4195	수백
4196	진행방향
4197	실용신안
4198	충격
4199	온도조절
4200	광산
4201	보강판
4202	티타
4203	싸이클
4204	위치
4205	육면체
4206	남성
4207	라인
4208	원형
4209	항산화제
4210	붕소
4211	디에틸렌글리콜
4212	바이페닐
4213	보관함
4214	황산
4215	등등
4216	선호
4217	놀이
4218	접촉각
4219	실리케이트
4220	버너
4221	단체
4222	정체
4223	양념
4224	브이
4225	기어박스
4226	래칫
4227	보정부
4228	수퍼
4229	스텐
4230	무결
4231	직장
4232	정기
4233	사실
4234	니트로기
4235	접선
4236	니딘
4237	입장
4238	링기어
4239	마이콤
4240	근적외선
4241	입체
4242	동원
4243	소시
4244	트림
4245	세탁
4246	어큐
4247	프라
4248	현가
4249	메인프레임
4250	여과
4251	정격
4252	방지장치
4253	주소
4254	팩스
4255	날씨
4256	폰트
4257	서포터
4258	농축물
4259	정제
4260	리그
4261	송신
4262	농업
4263	코터
4264	말뚝
4265	딜레이
4266	만료
4267	경계선
4268	가장자리부
4269	헤이즈
4270	감각
4271	바닥재
4272	벽체
4273	잔차
4274	락토
4275	턴오프
4276	기능부
4277	타임
4278	증점제
4279	플로
4280	보상
4281	란색
4282	피페리디닐
4283	스커트
4284	모스
4285	비아
4286	아이
4287	권회
4288	바실러스
4289	금융계좌
4290	불연속
4291	인더
4292	검침
4293	재고
4294	로우
4295	가황
4296	레이크
4297	지층
4298	이크업
4299	일일이
4300	솔레노이드밸브
4301	버스바
4302	평균
4303	조사
4304	개시물
4305	발음
4306	메탈
4307	농축
4308	도시생략
4309	최신
4310	풀업
4311	자연수
4312	담수
4313	락트산
4314	미관
4315	차원
4316	쾌적
4317	전면판
4318	카르복시메틸
4319	맞춤
4320	폴리노
4321	석회
4322	공고
4323	스티커
4324	유황
4325	회귀
4326	용기본체
4327	세척기
4328	전송기
4329	보도
4330	입출
4331	역다중
4332	드레인전극
4333	자바
4334	차단판
4335	티로신
4336	진단
4337	합류
4338	연마
4339	도서
4340	유격
4341	폴링
4342	메탈
4343	공차
4344	성비
4345	벤조페논
4346	기닌
4347	그래프트
4348	열쇠
4349	결합상태
4350	법선
4351	영상정보
4352	해결책
4353	몸통부
4354	성별
4355	이드록시틸
4356	흥미
4357	로리
4358	목록
4359	컨디셔닝
4360	다각
4361	솔린
4362	공식
4363	수차
4364	바지
4365	정량
4366	함유율
4367	전조
4368	냉각부
4369	반복단위
4370	답변
4371	모의
4372	키입력부
4373	기체
4374	핸들링
4375	악성
4376	가압부재
4377	원시
4378	주차장
4379	기립
4380	부팅
4381	광파
4382	디밍
4383	암세포
4384	옥심
4385	사육
4386	구문
4387	환경오염
4388	알데하이드
4389	엔도
4390	독특
4391	누전
4392	아미노메틸
4393	보관
4394	고정브라켓
4395	차세대
4396	수계
4397	세토
4398	상수
4399	마이크로웨이브
4400	비결정
4401	엔터
4402	스러스트
4403	결제승인
4404	저장용기
4405	실험
4406	림프종
4407	장애
4408	프탈산
4409	코인
4410	음극
4411	임펄스
4412	믹스
4413	탄화규소
4414	붕산
4415	광자
4416	일상
4417	카트
4418	어류
4419	세이
4420	청정
4421	디늄
4422	정보
4423	코일부
4424	육류
4425	생식
4426	스트로브
4427	마자
4428	페달
4429	가상계좌
4430	퍼스
4431	지지부재
4432	리세트
4433	세분
4434	박막층
4435	용품
4436	탈락
4437	원장
4438	브로모
4439	락톤
4440	부기
4441	고안
4442	인양
4443	스틱
4444	베개
4445	드론
4446	엄지
4447	벽돌
4448	와이파이
4449	간섭계
4450	밑창
4451	하우스
4452	대체물
4453	솔더링
4454	하소
4455	명함
4456	상점
4457	작업시
4458	인돌
4459	토산
4460	림프구
4461	중량평균
4462	강자성
4463	결장
4464	티아졸
4465	지연시간
4466	축합
4467	셋트
4468	각질
4469	제조비용
4470	전달부
4471	항염
4472	심근
4473	마감재
4474	추정부
4475	페닐기
4476	연결장치
4477	착탈가능
4478	결론
4479	봉제
4480	토폴
4481	풍선
4482	방사체
4483	파형
4484	재료
4485	하이브리
4486	위젯
4487	규산
4488	트랙
4489	소음
4490	보레이트
4491	지용
4492	계류
4493	셋톱
4494	서브캐리어
4495	방향전환
4496	인스턴트
4497	개폐밸브
4498	타겟
4499	가솔린
4500	저장
4501	아지
4502	제어
4503	디부틸
4504	셋트
4505	필러
4506	분별
4507	이동형
4508	세미
4509	렌티
4510	피리미디닐
4511	후진
4512	물통
4513	트리메틸
4514	베이
4515	티슈
4516	종횡비
4517	상방향
4518	너리
4519	코로나
4520	마르
4521	프로피오네이트
4522	중공사막
4523	바실러스
4524	분열
4525	릴리스
4526	상동성
4527	전주
4528	선도
4529	유인
4530	하프늄
4531	퀴놀리닐
4532	멜트
4533	탈지
4534	장소
4535	뉴클레오
4536	나프
4537	발효
4538	로시
4539	디닐
4540	방향제
4541	아파트
4542	테리
4543	종양
4544	전반사
4545	크림
4546	브라운
4547	무기질
4548	치약
4549	쿨링
4550	막대
4551	고정홀
4552	프릿
4553	석재
4554	신부
4555	이리듐
4556	지오
4557	녹살
4558	혈구
4559	부분입체
4560	디로페닐
4561	포르밀
4562	아르알킬
4563	좌판
4564	다섯
4565	양자
4566	고혈압
4567	연비
4568	적산
4569	오토
4570	커플
4571	피브
4572	음각
4573	담보
4574	부착부
4575	곡부
4576	사막
4577	전역
4578	태아
4579	액정셀
4580	작동유체
4581	지진
4582	광전자
4583	실내공기
4584	방광
4585	드리프트
4586	미들웨어
4587	조밀
4588	절단
4589	크로마토
4590	머리
4591	이펙터
4592	상압
4593	부과
4594	미스터
4595	패턴부
4596	프리폼
4597	이송수단
4598	재킷
4599	전자선
4600	분해능
4601	스테
4602	트리밍
4603	수수료
4604	실링부재
4605	척도
4606	부스터
4607	공기유입
4608	측면
4609	불법
4610	원점
4611	합성수지재
4612	강화
4613	출금
4614	항체
4615	회로패턴
4616	설파이드
4617	체온
4618	시뮬레이터
4619	밸런싱
4620	밀리미터
4621	세척액
4622	액자
4623	재충전
4624	스팟
4625	스퍼터링법
4626	케토
4627	배합량
4628	스파이크
4629	갈륨
4630	산화철
4631	참고문헌
4632	보론
4633	핀치
4634	설치부
4635	해치
4636	제출
4637	대금
4638	결합홀
4639	양수
4640	자판
4641	분기관
4642	켄칭
4643	진료
4644	셋탑
4645	안정기
4646	충전부
4647	급구
4648	프로필기
4649	이스트
4650	형상부
4651	이동수단
4652	냉동기
4653	캐쉬
4654	레이스
4655	발췌
4656	클래드층
4657	등록번호
4658	비특허
4659	탄산나트륨
4660	이동상
4661	흡수
4662	출력
4663	발광체
4664	징부
4665	부러
4666	보강부
4667	프로그래머
4668	결합수단
4669	메일정보
4670	직급분류정보
4671	훼손
4672	귀환
4673	티아디아졸
4674	전등
4675	더스트
4676	보이드
4677	곰팡이
4678	상정
4679	풍속
4680	복합재료
4681	화학기상증착
4682	롤리
4683	이음
4684	키제
4685	중합효소
4686	호퍼
4687	스테르
4688	후방
4689	등가물
4690	포장
4691	라노
4692	대입
4693	기적
4694	차별
4695	지지수단
4696	정공
4697	결판
4698	색조
4699	피코
4700	결손
4701	청결
4702	리퍼
4703	연결축
4704	카바이드
4705	재생기
4706	방위각
4707	대면
4708	충진제
4709	인프라
4710	블로우
4711	도우
4712	지환
4713	케팅
4714	인라인
4715	상등액
4716	점착
4717	재난
4718	라이너
4719	지지판
4720	글루코오스
4721	방부제
4722	시추
4723	무정
4724	수령
4725	입구
4726	감시
4727	분산
4728	신호처리부
4729	응용프로그램
4730	이미다졸
4731	생성부
4732	힌지핀
4733	클릭
4734	결선
4735	방사
4736	리포트
4737	퀴녹살
4738	이드겔
4739	스테이션
4740	줄기
4741	가열장치
4742	시그마
4743	인터넷
4744	이드록페닐
4745	코어부
4746	산성
4747	황화
4748	할당
4749	트랙킹
4750	카본블랙
4751	메뉴
4752	팽창밸브
4753	동위원소
4754	검출신호
4755	정부
4756	획기
4757	등화
4758	형틀
4759	셀라이트
4760	아르기닌
4761	처리량
4762	리지
4763	미드
4764	지체
4765	기자
4766	형광램프
4767	부양
4768	에틸미노
4769	실산
4770	조인트
4771	느슨
4772	숙신산
4773	제어밸브
4774	숙련
4775	질막
4776	체결홀
4777	상청액
4778	갈락토
4779	베젤
4780	크리스
4781	레이터
4782	보상부
4783	전선
4784	관련
4785	술포
4786	주쇄
4787	리타
4788	긴밀
4789	조리실
4790	혈류
4791	망간
4792	제약학
4793	완충부재
4794	히트펌프
4795	전압
4796	미생물
4797	양성자
4798	에이트
4799	정역
4800	메터
4801	케이
4802	립체
4803	트리틸
4804	트리페닐포스핀
4805	참가자
4806	타슘
4807	튀김
4808	공개특허
4809	에너지
4810	코코
4811	동심
4812	제제
4813	기재
4814	타이트
4815	로트
4816	대변
4817	아크릴
4818	폴리페닐렌
4819	지라
4820	화장실
4821	관통부
4822	공칭
4823	멀티
4824	대퇴
4825	쿠션
4826	포텐
4827	트럭
4828	밀폐
4829	스프킷
4830	장변
4831	가슴
4832	객체
4833	습윤제
4834	컨버
4835	회생
4836	자루
4837	비닐하우스
4838	유리전
4839	헤파
4840	피그먼트
4841	클래딩
4842	에프
4843	애드
4844	배향
4845	촬영부
4846	격막
4847	면상
4848	도로
4849	보호범위
4850	피부염
4851	톡시
4852	좌우
4853	물품구매
4854	아닐린
4855	초기값
4856	베이션
4857	음압
4858	비저항
4859	스테이트
4860	심박
4861	알파벳
4862	중재
4863	프리젠테이션
4864	장력
4865	펜플루오
4866	비접촉
4867	분자량
4868	단위체
4869	대나무
4870	페이
4871	자일렌
4872	컴프레서
4873	업계
4874	트윈
4875	턴시
4876	브산
4877	브라켓트
4878	문자메시지
4879	자유단
4880	퍼플루오
4881	디플루오페닐
4882	이량체
4883	입력수단
4884	염화비닐
4885	반도체
4886	방문자
4887	방지장치
4888	벌브
4889	양파
4890	회원
4891	랄킬
4892	삼투
4893	디틸미노
4894	맥락
4895	밴드갭
4896	비표시
4897	디움
4898	즉각
4899	비금속
4900	지그비
4901	전해질막
4902	보존제
4903	연결봉
4904	유압펌프
4905	집열
4906	페일
4907	바이너리
4908	분사기
4909	진균
4910	퍼옥시
4911	개조
4912	혈중
4913	언스
4914	세로방향
4915	착탈
4916	이동방향
4917	충진재
4918	탈보호
4919	출구
4920	기탁
4921	반응가스
4922	블렌딩
4923	레인
4924	트랜스포트
4925	지지장치
4926	피스톤
4927	렌즈
4928	트랜스
4929	시사
4930	상거래
4931	로고
4932	유실
4933	열교환부
4934	안전장치
4935	아제티딘
4936	매트릭스
4937	탄지
4938	돌설
4939	뇌파
4940	전계발광
4941	가죽
4942	공조장치
4943	아토피
4944	스트리
4945	진공
4946	락토바실러스
4947	부탄디올
4948	광시제
4949	렉트
4950	화폐
4951	돌연변이체
4952	삽입체
4953	부채
4954	전자렌지
4955	포타슘
4956	폴리부
4957	광역
4958	일정거리
4959	헤드셋
4960	적혈구
4961	버터
4962	수온
4963	제어밸브
4964	픽스
4965	조명기구
4966	후방부
4967	포밍
4968	구연산
4969	해동
4970	후미
4971	데카
4972	변위
4973	산화칼륨
4974	이동
4975	발바닥
4976	임베디드
4977	파킹
4978	완구
4979	기도
4980	코너부
4981	상기
4982	연도
4983	제어시스템
4984	개선
4985	캡처
4986	현미
4987	인터랙
4988	세포
4989	후크
4990	누설전류
4991	장벽층
4992	일부
4993	오버플로우
4994	감지장치
4995	급냉
4996	아라미드
4997	각자
4998	억지
4999	파트너
5000	피롤리디닐
5001	주민
5002	유압식
5003	연결수단
5004	보일러
5005	테크
5006	이로
5007	운영서버
5008	가티브
5009	가스
5010	실시례
5011	어회
5012	접착부
5013	추력
5014	서열번호
5015	주물
5016	삽입물
5017	스카
5018	사자
5019	퓨린
5020	절감
5021	전해
5022	묶음
5023	모노메틸에테르
5024	양부
5025	에지부
5026	겨울
5027	축심
5028	축전기
5029	시기
5030	필기구
5031	개발자
5032	식물체
5033	카프로
5034	주파
5035	궁극
5036	대식
5037	미스트
5038	압착
5039	탄산염
5040	엑세스
5041	설치상태
5042	절삭날
5043	모방
5044	실시상태
5045	비어
5046	과산화물
5047	개입
5048	결과값
5049	비신
5050	포린
5051	레시피
5052	트러스
5053	카바메이트
5054	점프
5055	제어명령
5056	버퍼부
5057	승강기
5058	복합물
5059	혼잡
5060	라운드
5061	기지
5062	표시소자
5063	베이크
5064	입구부
5065	파선
5066	선기
5067	카페
5068	시계방향
5069	진퇴
5070	소포제
5071	비강
5072	스피드
5073	접속점
5074	레코딩
5075	스티딘
5076	결정화
5077	차축
5078	랜딩
5079	평면부
5080	영상표시장치
5081	낚싯
5082	과전압
5083	단열
5084	코스
5085	수축
5086	보스
5087	지하철
5088	그룹핑
5089	피딩
5090	토부
5091	먹이
5092	헤테로시알킬
5093	실크
5094	카바졸
5095	해쉬
5096	압력차
5097	저장수단
5098	보기
5099	하부케이스
5100	저분자
5101	감합
5102	코커스
5103	회전구동
5104	부스트
5105	응기
5106	프리뷰
5107	색광
5108	락킹
5109	안티몬
5110	끝단
5111	거부
5112	액침
5113	거시
5114	위치설정
5115	정련
5116	탄산수나트륨
5117	해지
5118	측정방법
5119	고정식
5120	통합단말기
5121	불안
5122	콘베
5123	소르비톨
5124	취득부
5125	구조도
5126	걸쇠
5127	정차
5128	단절
5129	카르보닐기
5130	아데노바이러스
5131	절기
5132	생성함
5133	상주
5134	입부
5135	푸리
5136	가습기
5137	발수
5138	사과
5139	나스
5140	흡입부
5141	커플링
5142	잉크
5143	로트
5144	캔틸레버
5145	지침
5146	단결
5147	더욱더
5148	운동기구
5149	캐니스터
5150	비장
5151	차등
5152	다형
5153	최대치
5154	후부
5155	주입기
5156	원자력
5157	자동변속기
5158	참여자
5159	릴리
5160	다이나믹
5161	착설
5162	도료
5163	성형장치
5164	융해
5165	폴리비닐피롤리돈
5166	디텍터
5167	재발
5168	캐스터
5169	조미
5170	에어리
5171	편파
5172	산화티탄
5173	가변저항
5174	용제
5175	증명서
5176	하이머
5177	도관
5178	화기
5179	가변
5180	장전
5181	반지름
5182	게시판
5183	형부
5184	사카
5185	소정시간
5186	주조
5187	저하
5188	알루
5189	역학
5190	수직축
5191	우선권
5192	디이드록시
5193	계량기
5194	합판
5195	이오
5196	이산화규소
5197	완결
5198	상부판
5199	실험실
5200	입체영상
5201	테트라하이드로퓨란
5202	복실레이트
5203	노브
5204	홈부
5205	티브이
5206	광투과
5207	계부
5208	등록번호
5209	카르복시
5210	팩시
5211	진보
5212	타인
5213	출몰
5214	유한
5215	전반
5216	암모늄염
5217	가족
5218	물품구매금액
5219	비율금액정보
5220	아조비스
5221	테로
5222	방지부
5223	화학요법
5224	발목
5225	실시예
5226	라스트
5227	정공수송
5228	급탕
5229	프레스
5230	서보모터
5231	레이턴시
5232	절결부
5233	한번
5234	코스트
5235	패밀리
5236	다이스
5237	고안
5238	이형
5239	베이스플레이트
5240	걸레
5241	저장탱크
5242	이드록시메틸
5243	캘린더
5244	디스
5245	카탈
5246	아치
5247	소정간격
5248	입경
5249	베이스밴드
5250	그래프
5251	정구
5252	음료수
5253	보정값
5254	접촉
5255	그물망
5256	중탄산나트륨
5257	주택
5258	감소
5259	상하이동
5260	컴파
5261	아이오
5262	해외
5263	분석물
5264	재배
5265	히스티딘
5266	석출물
5267	일함수
5268	믹산
5269	도마
5270	전자레인지
5271	세로축
5272	비행체
5273	레이터
5274	수법
5275	스톡
5276	개폐기
5277	펜틸
5278	브리
5279	섬유아세포
5280	트위스트
5281	심리
5282	통기공
5283	페니
5284	증발시
5285	티딜
5286	술페이트
5287	카르보닐기
5288	댐퍼
5289	동력
5290	브레이징
5291	대여
5292	브롬
5293	당화
5294	석회
5295	금전
5296	그릴
5297	대수
5298	성형틀
5299	비드
5300	에티닐
5301	노란색
5302	코딩
5303	내벽
5304	광경
5305	클릭
5306	무료
5307	항암제
5308	소기
5309	인수
5310	배상
5311	거울이성질체
5312	호기
5313	나사공
5314	프탈로시
5315	특개평
5316	질소가스
5317	바이오
5318	적극
5319	순환펌프
5320	폴리알킬렌
5321	질감
5322	유해물질
5323	슈도
5324	리디
5325	플루오
5326	지관
5327	굴절
5328	판유리
5329	격벽
5330	탄성편
5331	라운딩
5332	회전축
5333	통제
5334	진행
5335	상부판
5336	피검체
5337	외부장치
5338	폴리염화
5339	제초제
5340	산화알루미늄
5341	트리플루로메톡시
5342	고갈
5343	할로알콕시
5344	베리
5345	촉감
5346	납부
5347	히드라진
5348	관리서버
5349	듀티비
5350	세륨
5351	파제
5352	치매
5353	호흡기
5354	명도
5355	코킹
5356	검파
5357	아랄킬
5358	정현
5359	나프티
5360	후부
5361	제조
5362	방어
5363	도표
5364	마티스
5365	압축
5366	스테로이드
5367	믹스
5368	입력전압
5369	프리
5370	판체
5371	바륨
5372	질화물
5373	조절밸브
5374	서브유닛
5375	곧바로
5376	연결핀
5377	광기록
5378	프론
5379	이동량
5380	등록특허공보
5381	과실
5382	차단막
5383	합리
5384	통공
5385	디아
5386	융점
5387	콘택
5388	혐기
5389	유비
5390	분무기
5391	무균
5392	차단제
5393	리액터
5394	음매
5395	파괴
5396	증식
5397	퍼팅
5398	봉지재
5399	전경
5400	계산기
5401	헤드레스트
5402	통신사
5403	질량비
5404	화도
5405	론튬
5406	유기화합물
5407	그라파이트
5408	연결체
5409	헤테로클릭
5410	알킬옥시
5411	하이브리도마
5412	카프
5413	유상
5414	머플러
5415	교란
5416	아세틸렌
5417	추출기
5418	농작물
5419	세컨
5420	아이덴티티
5421	전복
5422	삽입부
5423	크로마토그래피
5424	에이징
5425	크롬
5426	밀집
5427	부유
5428	절차
5429	압축부
5430	보리
5431	이부
5432	티온
5433	분량
5434	분산물
5435	사제
5436	천연가스
5437	리포터
5438	팅부
5439	바다
5440	코디
5441	맨드릴
5442	프탈레이트
5443	혈청
5444	차단기
5445	단추
5446	집합
5447	임대
5448	나프토
5449	보호회로
5450	침식
5451	조일
5452	배압
5453	공급원료
5454	레인징
5455	유수
5456	관광
5457	자격
5458	입방
5459	두피
5460	히스토리
5461	솔리드
5462	입구
5463	권선
5464	굴절
5465	파노라마
5466	삼투
5467	히알루론산
5468	저항
5469	분쇄물
5470	마이크로렌즈
5471	히스
5472	과발현
5473	외상
5474	디버
5475	키토산
5476	유리관
5477	가공장치
5478	단량체
5479	트리글리세
5480	펜에리트리톨
5481	샘플링
5482	복호기
5483	페룰
5484	경품
5485	자국
5486	인터벌
5487	계산
5488	수납공간
5489	각부
5490	부틸페닐
5491	형광
5492	캐스트
5493	글라이
5494	폴리아민
5495	산포
5496	시계열
5497	보로
5498	비지
5499	저면부
5500	전기도금
5501	망상
5502	데스
5503	재기
5504	전압레벨
5505	메톡시
5506	직류전압
5507	실링부
5508	수직프레임
5509	미립
5510	스테론
5511	점착
5512	압축실
5513	상선
5514	발신
5515	전자제어
5516	브랜드
5517	지상파
5518	감지수단
5519	프로피온산
5520	스킴
5521	인과
5522	섬유
5523	양립
5524	생약
5525	전자수송
5526	자발
5527	크로마
5528	절체
5529	감수
5530	폴리락
5531	시클로알케닐
5532	유료
5533	행시
5534	인터페이스
5535	매매
5536	계층
5537	시트레이트
5538	해진
5539	스틸
5540	병태
5541	중추
5542	공통전압
5543	접힌
5544	라이브
5545	지대
5546	알킬
5547	메틸에틸케톤
5548	노말
5549	활동
5550	유해가스
5551	요크
5552	모나스
5553	터치패드
5554	관류
5555	옥살산
5556	유기금속
5557	세미
5558	펠트
5559	이램
5560	철골
5561	티콘
5562	아밀로이드
5563	향후
5564	폴리테트라
5565	정상정보
5566	그레이팅
5567	디인터리
5568	결제선
5569	페닐틸
5570	추첨
5571	혼합용액
5572	중국
5573	제지
5574	목적
5575	이상일
5576	역양자
5577	프로폭시
5578	모터축
5579	가입
5580	싱크대
5581	유기용제
5582	쓰레드
5583	송로
5584	양각
5585	로션
5586	셀룰로스
5587	발명
5588	폴리뉴클레오타이드
5589	비수
5590	은폐
5591	배출량
5592	결제선택정보
5593	텐트
5594	에폭시수지
5595	기계실
5596	조수
5597	결제정상정보
5598	변조부
5599	디스패
5600	핵연료
5601	연마재
5602	퍼옥시
5603	앵커볼트
5604	할인
5605	벤토
5606	지상
5607	양말
5608	질소산화물
5609	사포
5610	도어록
5611	즉석
5612	염화수소
5613	잔부
5614	삽입홈
5615	가압판
5616	측면판
5617	발광장치
5618	항시
5619	시력
5620	복합
5621	압연기
5622	난류
5623	쿠스
5624	수류
5625	광고판
5626	취성
5627	팬티
5628	게재
5629	알츠하이머
5630	리크
5631	수행
5632	미미
5633	침수
5634	학교
5635	고전
5636	전산
5637	식각액
5638	프로피오닐
5639	논리합
5640	손바닥
5641	화성
5642	토시스
5643	항법
5644	디에틸에테르
5645	탈모
5646	바이더
5647	결구
5648	방청
5649	대식세포
5650	메톡시메틸
5651	간섭
5652	방열부
5653	건조실
5654	가이드판
5655	헥플루오
5656	클리너
5657	결선
5658	옥외
5659	포워드
5660	측정장치
5661	인지질
5662	연결바
5663	블랭
5664	바스타틴
5665	분위기
5666	히트파이프
5667	에스테르화
5668	출발물질
5669	박층
5670	저온
5671	투명
5672	부패
5673	수직
5674	두드
5675	탈출
5676	꼭지
5677	스페어
5678	산화규소
5679	취출
5680	라운드
5681	연고
5682	갈색
5683	다운스트림
5684	멜트
5685	퍼옥사이드
5686	배전반
5687	상층액
5688	전기방사
5689	클램프
5690	생산
5691	침전
5692	포저
5693	정수
5694	감김
5695	자동판매
5696	발생량
5697	페리
5698	태그
5699	원환
5700	블레이드
5701	물기
5702	입자크기
5703	류기
5704	고정바
5705	검사부
5706	관례
5707	소용
5708	정현파
5709	르트
5710	히드라
5711	어태
5712	세면
5713	보트
5714	광변조
5715	대책
5716	섬유질
5717	선분
5718	초점
5719	헥플루오
5720	데스크탑
5721	부재
5722	콜리메
5723	블랭킷
5724	표시창
5725	부서
5726	더구나
5727	반사율
5728	작동가능
5729	창안
5730	자물쇠
5731	펜스
5732	무기산
5733	면광원
5734	패킷
5735	필라
5736	화물
5737	진공
5738	피니언기어
5739	여름
5740	체험
5741	발가락
5742	발열량
5743	내의
5744	알킬아릴
5745	둘레부
5746	나이
5747	카드발급
5748	액슬
5749	거름
5750	음용
5751	공급라인
5752	해방
5753	등화기
5754	셀렉트
5755	결빙
5756	결합편
5757	조업
5758	커뮤니케이션
5759	출혈
5760	장형
5761	상부케이스
5762	경비
5763	블랙박스
5764	플루오르
5765	에터
5766	프로피온
5767	인화
5768	영수증
5769	경시
5770	보호부
5771	제어수단
5772	토코
5773	피복
5774	분쇄
5775	독성
5776	제법
5777	릴기
5778	세틸
5779	인성
5780	동부
5781	개폐부재
5782	결과리스트정보
5783	경보음
5784	쿨러
5785	유출
5786	미처리
5787	황화물
5788	히스테
5789	손상
5790	공기흡입
5791	작업물
5792	단부
5793	등록특허
5794	체상
5795	진핵
5796	연결단자
5797	글라스
5798	등록실용신안
5799	블랭킹
5800	냉음극
5801	비톨
5802	스파이럴
5803	보론산
5804	취합
5805	트리메틸올프로판
5806	조광
5807	겔화
5808	이송롤러
5809	코사
5810	분류검색
5811	핫멜트
5812	진피
5813	크릴
5814	적층물
5815	폴리아믹산
5816	테라
5817	오늘
5818	희생막
5819	조절수단
5820	와이어로프
5821	상부커버
5822	스토어
5823	제동
5824	기준신호
5825	표백
5826	크레졸
5827	정판
5828	유류
5829	간격유지
5830	케어
5831	액튜터
5832	메탄올
5833	레인산
5834	제일
5835	절연부
5836	초순
5837	곡률반경
5838	스패
5839	사후
5840	가위
5841	아릴옥시기
5842	도포막
5843	횡축
5844	페닐알라닌
5845	아다만틸
5846	타우
5847	정당
5848	하부프레임
5849	보철
5850	분수
5851	청색광
5852	휴대단말
5853	컨텐츠
5854	저장공간
5855	하단
5856	법인
5857	탁제
5858	유전율
5859	센스앰프
5860	운반체
5861	스카이트
5862	설치구조
5863	다우
5864	교차로
5865	스카
5866	항바이러스
5867	노인
5868	구경
5869	차후
5870	프로판디올
5871	헥사논
5872	광조사
5873	헥사하이드
5874	수회
5875	강우
5876	가이드바
5877	수크로스
5878	세이트
5879	제설
5880	기공
5881	실효
5882	인구
5883	알카노일
5884	아스코르브산
5885	터치부
5886	소매
5887	시간차
5888	고집
5889	전원장치
5890	자갈
5891	중계
5892	밀대
5893	이득
5894	허니컴
5895	채소
5896	육상
5897	소등
5898	말뚝
5899	생선
5900	가부샤
5901	생화학
5902	격거리
5903	커넥션
5904	유기
5905	캡션
5906	중축합
5907	이소프렌
5908	수광소자
5909	중합반응
5910	비량
5911	검색부
5912	촬상부
5913	메톡시에틸
5914	과금
5915	보호자
5916	질규소
5917	배가스
5918	수위
5919	섀도우
5920	체임버
5921	비시
5922	절곡
5923	리놀
5924	페노
5925	온도변화
5926	메톡카르보닐
5927	절단장치
5928	소정위치
5929	행렬
5930	개구율
5931	밀가루
5932	조립시
5933	퀘스트
5934	리버스
5935	디옥시
5936	프롤린
5937	절취선
5938	빔포밍
5939	비교
5940	인슐레이터
5941	연비
5942	인젝션
5943	잠수
5944	리튬염
5945	단색
5946	벤토나이트
5947	아미노페닐
5948	조명광
5949	탈피
5950	모선
5951	건선
5952	항체
5953	폐수
5954	재생부
5955	골판지
5956	입설
5957	유착
5958	배터리
5959	수량
5960	입체이성질체
5961	굴삭기
5962	구경
5963	추측
5964	어넣
5965	에틸렌디아민
5966	올레핀
5967	포락
5968	치명
5969	추정기
5970	교환국
5971	디퓨저
5972	오즈
5973	전극
5974	충돌시
5975	택배
5976	아세탈
5977	조대
5978	볼루션
5979	판형
5980	철도차량
5981	측정시
5982	역률
5983	초대
5984	송신
5985	세기
5986	화증
5987	적재부
5988	게나제
5989	교정
5990	장신
5991	휠체어
5992	단상
5993	절개홈
5994	엔진룸
5995	차폐부
5996	섬유증
5997	루이스
5998	탁셀
5999	초경
6000	고유코드
6001	메조
6002	은색
6003	테리
6004	감열
6005	박터
6006	리얼
6007	주름관
6008	조각
6009	작동레버
6010	메틸피페라진
6011	커넥
6012	절단선
6013	넌스
6014	스프로켓
6015	러리
6016	비밀키
6017	관람
6018	컨쥬게이트
6019	무수물
6020	스탬
6021	비점
6022	승강부
6023	무치환
6024	가감
6025	엑소
6026	농산물
6027	로어
6028	지지돌기
6029	신분
6030	력발전소
6031	평면형
6032	돌부
6033	체질
6034	반제품
6035	압전체
6036	쉬트
6037	오피
6038	플루
6039	클로르
6040	데스
6041	잡음
6042	중성자
6043	콘테이너
6044	수컷
6045	헤드램프
6046	비특허문헌
6047	아이솔
6048	레일부
6049	문짝
6050	판명
6051	카탈로그
6052	역삼투
6053	이핑
6054	프리스트
6055	헬멧
6056	보울트
6057	토우
6058	이중결합
6059	비례
6060	성향
6061	플루로벤질
6062	확장
6063	육면체
6064	구해진
6065	라지
6066	생강
6067	공유결합
6068	정션
6069	푸마르산
6070	그레
6071	막염
6072	라틴
6073	통장
6074	광투과성
6075	폴리부타디엔
6076	피지
6077	운동량
6078	등분
6079	협상
6080	선국
6081	발생회로
6082	단기
6083	영상표시
6084	고음
6085	아디프
6086	체크카드
6087	입관
6088	아민기
6089	성체
6090	스펙
6091	지열
6092	원통체
6093	부품수
6094	이간
6095	안착부
6096	랫트
6097	우트
6098	둘레방향
6099	카드뮴
6100	중량평균분자량
6101	티코
6102	시공
6103	인스트루먼트
6104	가공부
6105	프리픽스
6106	수열
6107	게스트
6108	무게중심
6109	적층
6110	유기물질
6111	메틸프로필
6112	벌집
6113	프로그램제공
6114	스탠바이
6115	브스카이트
6116	보르
6117	미세입자
6118	브로드캐스팅
6119	바이메탈
6120	포자
6121	테부
6122	스트론튬
6123	실내
6124	접점부
6125	연약
6126	번지
6127	전량
6128	멜로디
6129	모호
6130	향장치
6131	비트열
6132	캐핑
6133	실시예인
6134	로트
6135	프리폴리머
6136	정단
6137	커플러
6138	음부
6139	고안
6140	메사
6141	루미
6142	공비
6143	흑색종
6144	종류
6145	티탄산
6146	롤러부
6147	트립신
6148	기지국
6149	활성화제
6150	협대역
6151	응결
6152	가이드돌기
6153	도판
6154	발포
6155	퍼징
6156	나이저
6157	살충제
6158	소시트
6159	던트
6160	노사이드
6161	이하일
6162	광학시트
6163	바이저
6164	라미네이션
6165	성형시
6166	시스트
6167	돌이
6168	층막
6169	나이트릴
6170	프로시
6171	디알킬미노
6172	가이드봉
6173	래스터
6174	판정
6175	감초
6176	고교
6177	패널부
6178	액면
6179	폴리부틸렌
6180	투여용
6181	컴파운드
6182	커터
6183	디라이드
6184	승강장
6185	육종
6186	클리탁셀
6187	레에이트
6188	나물
6189	목표값
6190	스테이
6191	잡물
6192	어레
6193	제물
6194	트레오
6195	스케일
6196	사행
6197	진공챔버
6198	페로브스카이트
6199	토닌
6200	방현
6201	안내부
6202	디메틸페닐
6203	식각공정
6204	위탁
6205	살균제
6206	배스
6207	소디움
6208	소르
6209	지드
6210	선반
6211	격렬
6212	압출성형
6213	토르
6214	분사장치
6215	포스파티딜
6216	원뿔형
6217	할로겐화물
6218	굴절
6219	측정기
6220	가이드홀
6221	문제
6222	오목홈
6223	후막
6224	곡면부
6225	퍼프
6226	센티
6227	화점
6228	계대
6229	피처리물
6230	불소
6231	헤파린
6232	회신
6233	약속
6234	기수
6235	균체
6236	직사
6237	고정구조
6238	성품
6239	퀴녹살린
6240	구마
6241	프로그램제공정보
6242	경사
6243	토출구
6244	라이프
6245	송신단
6246	식기세척
6247	드라이어
6248	해부
6249	날카
6250	권장
6251	리아
6252	제자리
6253	완충
6254	담당자
6255	탄성변형
6256	페롤
6257	인코
6258	도포
6259	드름
6260	연료가스
6261	줄기세포
6262	완충용액
6263	글루탐산
6264	스피치
6265	로프
6266	중요도
6267	고화질
6268	파도
6269	정보처리
6270	도안
6271	연료량
6272	장착부
6273	시베이
6274	전기전도
6275	연소
6276	변성
6277	나프티리딘
6278	수목
6279	길이조절
6280	셀레늄
6281	플로우챠트
6282	발효액
6283	로메틸
6284	고압
6285	정지영
6286	밀폐용기
6287	실버
6288	모스
6289	성과
6290	창고
6291	인지
6292	추락
6293	부착물
6294	복합체
6295	판부
6296	한자
6297	폴리머제
6298	마감
6299	구멍부
6300	모체
6301	배설물
6302	동판
6303	공학
6304	부티르산
6305	노광장치
6306	외광
6307	개재물
6308	인터커넥
6309	피검사
6310	물고기
6311	배추
6312	내장
6313	겹침
6314	나이트라이드
6315	이송용
6316	매도
6317	이스
6318	트라이메틸
6319	문화
6320	펜텐
6321	연설
6322	송신장치
6323	회전드럼
6324	열팽창계수
6325	수강
6326	게이트절연막
6327	밸브시트
6328	수나사부
6329	급성
6330	나프틸
6331	웨이퍼
6332	펠리
6333	엑손
6334	크립
6335	빨래
6336	이트륨
6337	디비닐
6338	데시
6339	한약재
6340	고립
6341	저장영역
6342	원주
6343	카락
6344	도래
6345	대용
6346	정공주입
6347	배선부
6348	마린
6349	광변환
6350	광부
6351	토관
6352	비주
6353	전송장치
6354	기구
6355	착안
6356	맥주
6357	빌드
6358	스쿠
6359	하천수
6360	치차
6361	지정
6362	실체
6363	고체
6364	데이터량
6365	충격
6366	게이지
6367	슈트
6368	집계
6369	스크레이
6370	고객
6371	광학
6372	간다
6373	워블
6374	심사
6375	척수
6376	수지조성물
6377	결합재
6378	반응관
6379	머리카락
6380	헤모
6381	스탬핑
6382	외측부
6383	삽입공
6384	갑상선
6385	디램
6386	비닐기
6387	편광기
6388	고정부재
6389	어드레스전극
6390	핸드헬드
6391	교반
6392	사료
6393	디지트
6394	세포막
6395	전력공급
6396	오디오신호
6397	침전
6398	첩부
6399	저장
6400	배출가스
6401	증기압
6402	단면형상
6403	체계
6404	변형실시
6405	관리시스템
6406	부스바
6407	갑피
6408	조이스틱
6409	알데하이드
6410	제어가능
6411	알킬술포닐
6412	유성
6413	의심
6414	관리기
6415	선택비
6416	압축스프링
6417	완충부
6418	탄소질
6419	융기
6420	브라우징
6421	전립선암
6422	액셀
6423	과충전
6424	착신
6425	부착
6426	계전기
6427	진동수
6428	그래픽스
6429	보고서
6430	투과
6431	나사체결
6432	축물
6433	장신구
6434	관내
6435	마가
6436	고액
6437	운전시
6438	배너
6439	눌림
6440	헤드폰
6441	레이티드
6442	비딘
6443	미끄럼방지
6444	전자현미경
6445	포스포
6446	메토
6447	판별부
6448	육성
6449	침상
6450	실란트
6451	암컷
6452	아릴렌
6453	파지
6454	배터리팩
6455	부테닐
6456	축산
6457	무선전력
6458	주관
6459	조디옥
6460	출판
6461	마름
6462	개방
6463	펨토셀
6464	블랙매트릭스
6465	안과
6466	인근
6467	이타
6468	베이스프레임
6469	더컷
6470	분사량
6471	환부
6472	핸프리
6473	회동부
6474	사각형
6475	합의
6476	판면
6477	부분품
6478	테트라플루오
6479	트롤리
6480	화성
6481	강관
6482	여진
6483	와이드
6484	외국
6485	유니캐스트
6486	인스톨
6487	로진
6488	작동부재
6489	율표
6490	투시도
6491	발효물
6492	메인보드
6493	판지
6494	카르복시산
6495	안내관
6496	실런트
6497	마르텐사이트
6498	운항
6499	인터리브
6500	연속
6501	팬모터
6502	백본
6503	시트
6504	혼용
6505	접지부
6506	역전사
6507	봉합사
6508	동부
6509	도판트
6510	독자
6511	아기
6512	합성부
6513	팽창기
6514	폰더
6515	코나졸
6516	프로필
6517	애자
6518	디글리딜
6519	알에프
6520	원자로설비
6521	용융
6522	픽스
6523	그람
6524	마더
6525	에프
6526	투입부
6527	디메틸세트아미드
6528	화상데이터
6529	전위
6530	큐브
6531	행사
6532	척킹
6533	가림
6534	포스포트
6535	듀플
6536	헤테로환
6537	철재
6538	헥센
6539	단결합
6540	위상
6541	리이드
6542	근육내
6543	스토퍼
6544	접착제
6545	인버
6546	아디프산
6547	심선
6548	비시
6549	구제
6550	매뉴얼
6551	형광물질
6552	술피드
6553	모집
6554	슬리브
6555	어드레스
6556	다중화기
6557	스테아레이트
6558	특허공개
6559	호변
6560	줄무늬
6561	알콕실란
6562	근원
6563	이력
6564	고리부
6565	음극판
6566	신생
6567	블로어
6568	겉보기
6569	통신기기
6570	컨택홀
6571	제한효소
6572	테두리
6573	인듐
6574	반영구
6575	레트로
6576	정화기
6577	공과금
6578	여과장치
6579	스크
6580	기능키
6581	우편물
6582	주상
6583	바이어싱
6584	방충망
6585	노머
6586	터치입력
6587	머무
6588	폴리비닐알콜
6589	철저
6590	하부커버
6591	장선
6592	분출구
6593	기준
6594	포위
6595	겨울철
6596	장재
6597	중량체
6598	가라
6599	적용예
6600	교통
6601	스피커
6602	모형
6603	기후
6604	발진
6605	고분자
6606	이민
6607	퍼라제
6608	두부
6609	점자
6610	주제어부
6611	나노결정
6612	정지부
6613	장형
6614	쌍방
6615	제어국
6616	퇴행
6617	외광
6618	프로펜
6619	리필
6620	소부
6621	벽지
6622	잡음비
6623	진공압
6624	기단
6625	소스전극
6626	지우
6627	락테이트
6628	코더
6629	폴리아크릴레이트
6630	맥반석
6631	보류
6632	미약
6633	더러
6634	로스코프
6635	드라이빙
6636	모노틸
6637	촬영장치
6638	에리
6639	불능
6640	비선
6641	전압차
6642	명세
6643	마리
6644	지령
6645	싸이
6646	탈색
6647	종전
6648	용출액
6649	구획부
6650	선불카드
6651	병원균
6652	평단
6653	디프로필에틸아민
6654	인계
6655	조준
6656	하부몸체
6657	승강부재
6658	경보
6659	니링
6660	미노
6661	밀림
6662	스프라켓
6663	프로페닐
6664	인터페이싱
6665	정장치
6666	폐루프
6667	포어
6668	출시
6669	글리릴
6670	레시틴
6671	모기
6672	웹브
6673	트랩
6674	호핑
6675	실리콘막
6676	당사자
6677	열간압연
6678	신경세포
6679	포락선
6680	가우
6681	피시험
6682	장쇄
6683	스너
6684	오버
6685	대칭
6686	재배열
6687	합제
6688	시중
6689	배출장치
6690	칼코
6691	무게추
6692	폴리아릴
6693	환봉
6694	비공
6695	외관
6696	요청
6697	종단부
6698	안경
6699	메탄술포닐
6700	메틸기
6701	골반
6702	소용돌이
6703	접촉시
6704	수평축
6705	이질
6706	셋탑박스
6707	곡선
6708	밀착
6709	중합체
6710	증류
6711	교합
6712	형상부
6713	비전도성
6714	롤러
6715	엔지니어링
6716	장기
6717	구이판
6718	상처리
6719	병원체
6720	디멀티렉
6721	로프
6722	압접
6723	기제
6724	인렛
6725	불투과성
6726	핸드셋
6727	퍼즐
6728	저항
6729	쇼트키
6730	궤환
6731	위주
6732	지문인식
6733	된장
6734	디옥시
6735	정답
6736	지원
6737	출원번호
6738	복사열
6739	항종양
6740	호기
6741	상하좌우
6742	폐가스
6743	물결
6744	산기
6745	재송신
6746	제강
6747	상한값
6748	유틸리티
6749	감전
6750	시키므
6751	수직선
6752	듀플렉스
6753	부적절
6754	펠리클
6755	락토스
6756	성명
6757	회부재
6758	판단단계
6759	미세먼지
6760	이차전지용
6761	세탁기
6762	슬래그
6763	덱스트란
6764	자라
6765	고정플레이트
6766	장척
6767	오리
6768	포스파이트
6769	표면층
6770	이중화
6771	벌레
6772	마찰계수
6773	배양기
6774	넷째
6775	발레
6776	사용자단말기
6777	조절수단
6778	톱밥
6779	미세
6780	올리고당
6781	블록킹
6782	획득
6783	정전척
6784	호안
6785	드록알킬
6786	규명
6787	오렌지색
6788	안경테
6789	리더
6790	상부
6791	인기
6792	교환수
6793	헤테로알킬
6794	란탄
6795	대치
6796	배선용
6797	스테인레스강
6798	디플루오
6799	출발
6800	스크롤
6801	스테린산
6802	피라미드
6803	예비중합체
6804	주기율표
6805	올리브
6806	타임스탬프
6807	현가장치
6808	톡실란
6809	위치고정
6810	일리
6811	강화유리
6812	장치부
6813	스크라이빙
6814	접지전압
6815	염화칼슘
6816	금속
6817	분배부
6818	독취
6819	알칼리
6820	도광체
6821	산화환원
6822	가이드핀
6823	디스커버리
6824	약어
6825	팔걸이
6826	키텍
6827	턴디쉬
6828	유전
6829	티펜
6830	부주
6831	동선
6832	충전물
6833	수신기
6834	실드
6835	티니아
6836	열선
6837	어스
6838	무트
6839	시동
6840	부풀
6841	하네스
6842	마켓
6843	토판
6844	경화막
6845	수탁
6846	파킨슨
6847	추정값
6848	시덱스트린
6849	차량번호
6850	부가서비스
6851	네일
6852	수수
6853	통과필터
6854	잠기
6855	모드시
6856	실행부
6857	중앙
6858	열전도도
6859	점포
6860	전동모터
6861	차종
6862	선스
6863	회선
6864	입홈
6865	조심
6866	트레오닌
6867	지게
6868	각속도
6869	플라크
6870	보호판
6871	트랜스펙션
6872	아이스크림
6873	캠코더
6874	압력실
6875	논리곱
6876	폴리디메틸
6877	분광법
6878	랩탑
6879	원지
6880	윗쪽
6881	감지기
6882	확인응답
6883	무선단말기
6884	부호기
6885	트론
6886	가용
6887	푸릴
6888	지방산
6889	클린
6890	붕해제
6891	형성부
6892	시브
6893	기전
6894	칼로리
6895	정유
6896	인터커넥트
6897	에피택시
6898	정단
6899	연결공
6900	식기세척기
6901	발효
6902	호화
6903	바운드
6904	대지
6905	중고
6906	후판
6907	발진부
6908	최하부
6909	폴리테트라플루오에틸렌
6910	수의
6911	베드
6912	발성
6913	여섯
6914	희박
6915	재정렬
6916	체결돌기
6917	제공서버
6918	끼리
6919	불산
6920	난이도
6921	공부
6922	샤프
6923	치수
6924	장공
6925	가우시안
6926	회전수
6927	외부전원
6928	컴파일러
6929	칫솔모
6930	음성
6931	폴리아크릴산
6932	트리톡시
6933	마운트
6934	봉쇄
6935	보스부
6936	위반
6937	탈염
6938	디아
6939	샤워기
6940	워진
6941	내부
6942	중질
6943	보정량
6944	중대
6945	결합
6946	토출량
6947	다공증
6948	어시스트
6949	설사
6950	설계자
6951	에피층
6952	소진
6953	최하단
6954	포화
6955	잠금부
6956	보호관
6957	지지홈
6958	항처리
6959	이기
6960	외장형
6961	인핸
6962	에스터
6963	메틸설포닐
6964	혼합용매
6965	편광필름
6966	상호
6967	자성
6968	가공시
6969	수분함량
6970	파장
6971	전자기장
6972	연결설치
6973	유출물
6974	로트
6975	건조제
6976	불출
6977	강연
6978	로시
6979	프라이머층
6980	방수
6981	평탄막
6982	톡카르보닐
6983	디뮴
6984	볼트공
6985	상부몸체
6986	근접센서
6987	주변기기
6988	견적
6989	확산기
6990	디메톡페닐
6991	패키지
6992	서버
6993	불소
6994	헬스
6995	인형
6996	자형
6997	방향족기
6998	세이
6999	광투과율
7000	냉매가스
7001	습득
7002	통수
7003	헤테로고리
7004	필로
7005	오븐
7006	회전동력
7007	휴식
7008	아데노신
7009	장치
7010	선별
7011	추구
7012	제제
7013	알갱이
7014	아동
7015	가속
7016	포스피노
7017	트리플
7018	예치
7019	괴사
7020	세척
7021	인핸스
7022	안락
7023	비닐리덴
7024	혈관신생
7025	원색
7026	양벽
7027	링형상
7028	절환
7029	틸미노
7030	오프닝
7031	객실
7032	친화력
7033	부저
7034	절연물
7035	결제할인정보
7036	간암
7037	카트리지
7038	너클
7039	베이션막
7040	단말장치
7041	잇몸
7042	알킬카르보닐
7043	지관
7044	압출물
7045	지갑
7046	파워
7047	수소가스
7048	서명
7049	반응부
7050	배출부
7051	봉착
7052	테마
7053	실리사이드막
7054	아이프로필
7055	뉴클레오시드
7056	판부
7057	연기
7058	절실
7059	애퍼
7060	지렛
7061	반비례
7062	생리대
7063	역사
7064	콘텐츠
7065	폴리락트산
7066	화학반응
7067	판독부
7068	기둥부
7069	후크부
7070	관통형성
7071	일드
7072	라지노
7073	활물질
7074	가득
7075	호박
7076	급송
7077	프라이버시
7078	액제
7079	개환
7080	건조물
7081	파쇄기
7082	회전속
7083	도파민
7084	브로마이드
7085	농후
7086	타르타르산
7087	심층
7088	페닐메틸
7089	부재
7090	실외
7091	설치공간
7092	연료지용
7093	낚시
7094	니스트
7095	아크릴산에스테르
7096	브루
7097	절개
7098	스루풋
7099	유기전계발광소자
7100	냄비
7101	초점거리
7102	수직부재
7103	운행
7104	라파
7105	부틸디메틸
7106	독소
7107	티노
7108	추진
7109	건조기
7110	배열체
7111	아이피
7112	온톨로지
7113	올레산
7114	사이클덱스트린
7115	압력계
7116	오징어
7117	프로피오네이트
7118	디스크램블
7119	알칼리금속
7120	상전
7121	거푸집
7122	초크
7123	정성
7124	녹는점
7125	수납실
7126	솔벤트
7127	가성
7128	미세조류
7129	퍼링
7130	토코페롤
7131	후행
7132	지팩
7133	발판
7134	사이즈
7135	배기부
7136	담즙
7137	앰플
7138	트레일링
7139	푸싱
7140	목재
7141	시프팅
7142	기온
7143	트리메틸
7144	악기
7145	방적
7146	리퀘스트
7147	달력
7148	볼펜
7149	차폐층
7150	생활
7151	상판
7152	애플릿
7153	선출
7154	모션
7155	재산
7156	해조류
7157	모빌
7158	이식편
7159	축봉
7160	쿼터
7161	플러그인
7162	코사인
7163	로울
7164	아미노카르보닐
7165	점액
7166	유발
7167	펜틸기
7168	혼합부
7169	보호장치
7170	접착테이프
7171	돌출
7172	포터블
7173	광고물
7174	풍력발전
7175	패턴
7176	폴리페놀
7177	생합성
7178	챠트
7179	무산소
7180	스키마
7181	대시
7182	쿠키
7183	패시베이션막
7184	중국
7185	준설
7186	세포독성
7187	디지털신호
7188	블리스터
7189	인트
7190	압유
7191	체외
7192	워크스테이션
7193	가상현실
7194	페닐
7195	전원스위치
7196	강압
7197	주민등록번호
7198	조건부
7199	파장
7200	화석
7201	음경
7202	재생시
7203	도해
7204	처리
7205	술폰아미드
7206	에틸아민
7207	옥텐
7208	시클로헥사논
7209	연결부재
7210	형부
7211	단부
7212	복수회
7213	다지
7214	닥터
7215	벤조페논
7216	설명부호
7217	오도
7218	납부
7219	포물
7220	트립토판
7221	집적도
7222	테트라플루오
7223	분사관
7224	선상
7225	나노구조
7226	작시
7227	씨디
7228	확관
7229	염료
7230	실화
7231	면접
7232	소장
7233	산도
7234	앞부분
7235	광폭
7236	활성분
7237	카스
7238	본딩
7239	고추장
7240	협업
7241	불량품
7242	줄어드
7243	분산매
7244	탄성파
7245	과자
7246	염화암모늄
7247	접속부
7248	청국장
7249	전사
7250	절기
7251	난반사
7252	첨가제
7253	수거
7254	락탐
7255	회절광
7256	카세트
7257	터빈
7258	정화장치
7259	수영
7260	능동
7261	음향신호
7262	무정
7263	산세
7264	위치정보
7265	잠열
7266	할로겐
7267	반응용기
7268	데이터베이스
7269	응집
7270	밀봉부재
7271	권취부
7272	객관
7273	뭉치
7274	측정법
7275	서브루틴
7276	배속
7277	고정너트
7278	퇴적물
7279	처리수단
7280	표준
7281	삽입구멍
7282	우즈
7283	예측
7284	음향
7285	상도
7286	질소원자
7287	유압모터
7288	방습
7289	디메틸술
7290	채널부
7291	실라
7292	진수
7293	이송스크류
7294	자세
7295	시제
7296	종료시
7297	회전봉
7298	아미드
7299	대학
7300	쿠폰
7301	편입
7302	광학소자
7303	말단기
7304	일체
7305	차액
7306	플러싱
7307	유출관
7308	부응
7309	독시
7310	발현량
7311	클론
7312	강모
7313	변압
7314	우울증
7315	테이터
7316	무선통신부
7317	스위
7318	살균
7319	사일
7320	양품
7321	과냉각
7322	퓨즈
7323	맞춤
7324	가압롤러
7325	접촉부
7326	기초부
7327	합중국
7328	리늄
7329	깔창
7330	스트리핑
7331	비어
7332	전극
7333	리드부
7334	빙기
7335	온돌
7336	폴리닐
7337	감지장치
7338	폴리옥알킬렌
7339	밸브몸체
7340	배수로
7341	어선
7342	극체
7343	미터
7344	절첩
7345	계자
7346	취사
7347	부종
7348	페니실린
7349	총괄
7350	매번
7351	플루렌
7352	축사
7353	아가로스
7354	노선
7355	헤르
7356	에어콘
7357	지게차
7358	안경다리
7359	패드
7360	슬라이딩부
7361	무한궤도
7362	폴리곤
7363	전표
7364	코팅부
7365	보관부
7366	나프타
7367	기와
7368	프라이밍
7369	미합중국
7370	도장
7371	동력전달부
7372	회합
7373	갈바
7374	경계석
7375	수평
7376	주인
7377	축선방향
7378	면역학
7379	연수
7380	압축기
7381	소파
7382	순시
7383	입력시
7384	레닐기
7385	타제
7386	특허등록
7387	싸이클론
7388	케이스부
7389	등급
7390	퓨란
7391	진동모터
7392	상기
7393	몰딩
7394	불활성화
7395	유도관
7396	분광기
7397	초고속
7398	역류방지
7399	도우
7400	류신
7401	공인인증
7402	미세결정
7403	반송부
7404	개시점
7405	어났
7406	베리
7407	미지
7408	북마크
7409	돌출턱
7410	투입구
7411	가공방법
7412	용질
7413	패시브
7414	호가
7415	산제
7416	안트라퀴논
7417	알킬설포닐
7418	프레넬
7419	옥사졸리딘
7420	스티로폼
7421	인부
7422	접착재
7423	드기
7424	리그닌
7425	실물
7426	플레이팅
7427	폴리아마이드
7428	메틸렌기
7429	스플릿
7430	외접
7431	제조업
7432	연성회로기판
7433	나사홈
7434	메틸아민
7435	락토오스
7436	약자
7437	종래예
7438	밥솥
7439	데이터전압
7440	웜기어
7441	메이크업
7442	절기
7443	투시창
7444	검회로
7445	췌장암
7446	헵트
7447	구내
7448	사용자
7449	부채꼴
7450	도수
7451	광전지
7452	노후
7453	반응실
7454	형제
7455	십자
7456	사본
7457	분무
7458	파리
7459	환자
7460	의견
7461	가로대
7462	파일명
7463	위급
7464	정류자
7465	동판
7466	영상표시기기
7467	머드
7468	쓰루
7469	복용량
7470	카프로
7471	선택
7472	후판
7473	건강기능식품
7474	페닐렌디아민
7475	방벽
7476	음용수
7477	보강
7478	카올린
7479	게노
7480	요원
7481	겸비
7482	퀴논
7483	마이코
7484	인터레이스
7485	정상부
7486	강산
7487	신호라인
7488	광통신
7489	농가
7490	오스
7491	계기판
7492	이내
7493	호키
7494	담지체
7495	오버코트
7496	로일옥시
7497	화학
7498	클레오
7499	생장치
7500	조차
7501	합성섬유
7502	알켄일
7503	전기기기
7504	메소드
7505	시소
7506	메트리
7507	침하
7508	여닫이
7509	프로비
7510	증착
7511	사전
7512	적분기
7513	러닝
7514	규모
7515	발주
7516	크릴레이트
7517	제트
7518	옥상
7519	덱스
7520	모자이크
7521	망체
7522	급전부
7523	디얼
7524	요부
7525	칼라
7526	미팅정보
7527	오거
7528	가열판
7529	위약
7530	생수
7531	용구
7532	고정틀
7533	공압출
7534	플립칩
7535	터보차저
7536	대조
7537	콘산
7538	식모
7539	로마
7540	인식기
7541	메탄설포닐
7542	더필
7543	외조
7544	보호캡
7545	비르
7546	프리터
7547	틸세토
7548	보노이드
7549	원용
7550	하락
7551	식별부
7552	스노
7553	무선
7554	하측부
7555	두루
7556	콜백
7557	대추
7558	일자
7559	스트레칭
7560	변류기
7561	신청서
7562	큐어
7563	인쇄부
7564	철분
7565	배기팬
7566	중화제
7567	바이어스
7568	전기전도
7569	우드
7570	접착부재
7571	포장박스
7572	농업용
7573	분주기
7574	불빛
7575	상관값
7576	유도부
7577	지르코늄
7578	승강수단
7579	유의
7580	첩합
7581	여서
7582	아미노알킬
7583	제방
7584	양친
7585	억제제
7586	레이너
7587	이슬
7588	유출부
7589	비시
7590	복합계좌
7591	다면체
7592	예취
7593	내주
7594	생물
7595	현장
7596	유독
7597	일정기간
7598	프로드럭
7599	공기
7600	모종
7601	업종
7602	스트랜
7603	단독중합체
7604	시클로펜탄
7605	선택부
7606	가맹점정보
7607	숙주세포
7608	컨대
7609	소르베트
7610	헤테로방향족
7611	밴드부
7612	제동장치
7613	제어반
7614	부유체
7615	위치추적
7616	제작비용
7617	좌석
7618	적정량
7619	메틸프로판
7620	두께방향
7621	전화선
7622	카라
7623	신도
7624	인터랙션
7625	폴리디메틸실록산
7626	리뷰
7627	전동기
7628	스테핑
7629	사격
7630	고차
7631	표고
7632	글리독시
7633	제어값
7634	동압
7635	수크로오스
7636	폴리소르베트
7637	식도
7638	흑백
7639	데코
7640	함수율
7641	광유
7642	한국등록특허
7643	오프
7644	통신단말기
7645	수소화물
7646	배변
7647	라디칼
7648	안착
7649	정보단말기
7650	스토리노드
7651	중독
7652	메톡시기
7653	배출홀
7654	심박수
7655	토픽
7656	도입관
7657	이딩
7658	스케일러블
7659	어비
7660	종축
7661	에어로겔
7662	글루타메이트
7663	직경
7664	외판
7665	디포
7666	뇌졸중
7667	집중
7668	노보
7669	전기변색
7670	니드
7671	피혁
7672	억지
7673	대기상태
7674	방염
7675	제거장치
7676	참조예
7677	폴리사카라이드
7678	에테닐
7679	이로
7680	주사바늘
7681	말론산
7682	감쇠
7683	세라믹
7684	폴리올
7685	회복
7686	비페닐
7687	마젠타
7688	산화인듐
7689	아이소
7690	부톡시카보닐
7691	방화벽
7692	유모
7693	리도
7694	장벽
7695	해석
7696	눈부
